"","size.train","nrow.train","nrow.test","type.model","type.set","letter.to.test","value.to.test","deviance","error.test","error.train","nb.ok.test","nb.ko.test","nb.ok.train","nb.ko.train"
"1",0.5,24980,12489,"glm","without_location_with_risk_factor","E","0",11043.2927611838,0.0598927055809112,0.0627702161729383,11741,748,23412,1568
"2",0.5,24980,12489,"glm","without_location_with_risk_factor","E","1",11043.2927611838,0.0598927055809112,0.0627702161729383,11741,748,23412,1568
"3",0.5,24980,12489,"glm","without_location_with_risk_factor","E","ALL",NA,0.0598927055809112,0.0627702161729383,11741,748,23412,1568
"4",0.7,34972,12489,"glm","without_location_with_risk_factor","E","0",15623.4229670289,0.0598927055809112,0.0632506004803843,11741,748,32760,2212
"5",0.7,34972,12489,"glm","without_location_with_risk_factor","E","1",15623.4229670289,0.0598927055809112,0.0632506004803843,11741,748,32760,2212
"6",0.7,34972,12489,"glm","without_location_with_risk_factor","E","ALL",NA,0.0598927055809112,0.0632506004803843,11741,748,32760,2212
"7",0.9,44964,12489,"glm","without_location_with_risk_factor","E","0",19890.6863653177,0.0598927055809112,0.0624499599679744,11741,748,42156,2808
"8",0.9,44964,12489,"glm","without_location_with_risk_factor","E","1",19890.6863653177,0.0598927055809112,0.0624499599679744,11741,748,42156,2808
"9",0.9,44964,12489,"glm","without_location_with_risk_factor","E","ALL",NA,0.0598927055809112,0.0624499599679744,11741,748,42156,2808
