"","size.train","error.glm.test","error.glm.train","error.glm.test.1","error.glm.train.1","error.glm.test.2","error.glm.train.2","error.glm.test.3","error.glm.train.3","error.glm.test.4","error.glm.train.4"
"1",0.2,0.133969072164948,0.134714491857349,0.0718041237113402,0.0720985363842507,0.098298969072165,0.0977118119975263,0.0626288659793814,0.0647804576376005,0.0352061855670103,0.0348381776953205
"2",0.3,0.133659793814433,0.135298563869992,0.0713917525773196,0.0736274307702879,0.0981443298969072,0.098330241187384,0.0625773195876289,0.0643853500996358,0.0352061855670103,0.0342541056826771
"3",0.4,0.133298969072165,0.132714856332947,0.0712886597938144,0.073289524545806,0.0978865979381443,0.0975132070609458,0.0622680412371134,0.0607138255379461,0.0351546391752577,0.0339131555211957
"4",0.5,0.133350515463918,0.135447161175937,0.0714432989690722,0.0731455902362594,0.0978865979381443,0.0982146538572548,0.062319587628866,0.0642188595225333,0.0350515463917526,0.0353152187358265
"5",0.6,0.133041237113402,0.135668636613524,0.0712886597938144,0.0745945574491479,0.0976288659793814,0.0984057174271578,0.0622164948453608,0.0633761682242991,0.0349484536082474,0.0349608301264431
"6",0.7,0.133144329896907,0.134139337623515,0.0712371134020619,0.073099974965762,0.0977835051546392,0.0971917475370728,0.0622680412371134,0.0627770332955365,0.035,0.0352099194486577
"7",0.8,0.133144329896907,0.134468940457937,0.0712886597938144,0.0732904688889175,0.0977319587628866,0.0979912123593913,0.0621649484536082,0.0625700627504542,0.0351030927835052,0.0350861369171101
