"","size.train","error.glm.test","error.glm.train","error.glm.test.0","error.glm.train.0","error.glm.test.1","error.glm.train.1","error.glm.test.2","error.glm.train.2"
"1",0.1,0.0435801056817563,0.0420751633986928,0.0158522634417388,0.0174291938997821,0.0390586697172741,0.0381263616557734,0.0322492782044996,0.0285947712418301
"2",0.2,0.0429808792286321,0.0431644880174292,0.0156343629133301,0.0172930283224401,0.0385139183962521,0.039760348583878,0.0318134771476821,0.0292755991285403
"3",0.3,0.0431987797570409,0.0405773420479303,0.0158522634417388,0.0165214233841685,0.0387862940567631,0.0369462599854757,0.0317590020155799,0.0276870007262164
"4",0.4,0.0429264040965299,0.0399673180363587,0.0155798877812279,0.0151154081841084,0.0385139183962521,0.0365289031115953,0.0317590020155799,0.0282903247770137
"5",0.5,0.0429808792286321,0.0401721273524525,0.0156343629133301,0.0156330854917341,0.0385683935283543,0.0364408856932756,0.0317590020155799,0.0282702835198954
"6",0.6,0.0429808792286321,0.0416695036426772,0.0156343629133301,0.016182111164068,0.0385683935283543,0.0374934749551758,0.0317590020155799,0.0296634211661106
"7",0.7,0.0429808792286321,0.0411049508802646,0.0156343629133301,0.0157572220601109,0.0385683935283543,0.0371364653243848,0.0317590020155799,0.0293162143760335
"8",0.8,0.0429808792286321,0.040308441282108,0.0156343629133301,0.0155582412718947,0.0385683935283543,0.0363933477454168,0.0317590020155799,0.0286652935469045
"9",0.9,0.0429808792286321,0.0406711957755216,0.0156343629133301,0.0158720551966228,0.0385683935283543,0.0368128792119956,0.0317590020155799,0.0286574571424248
