"","size.train","error.glm.test","error.glm.train","error.glm.test.1","error.glm.train.1","error.glm.test.2","error.glm.train.2","error.glm.test.3","error.glm.train.3","error.glm.test.4","error.glm.train.4"
"1",0.5,0.132783505154639,0.133178714083237,0.0725257731958763,0.0729545161705966,0.0965979381443299,0.0980028346862518,0.0628865979381443,0.0613838422883649,0.0335567010309278,0.0340162350212601
"2",0.7,0.133298969072165,0.133740727788106,0.0729896907216495,0.0724843085644867,0.0972680412371134,0.097572199009737,0.0627319587628866,0.0629866185646708,0.0336082474226804,0.0344383294373171
"3",0.9,0.133092783505155,0.133371510379384,0.0727319587628866,0.072755905511811,0.0970103092783505,0.0973801002147459,0.0628350515463918,0.062319255547602,0.0336082474226804,0.0342877594846099
