"","size.train","error.glm.test","error.glm.train","error.glm.test.1","error.glm.train.1","error.glm.test.2","error.glm.train.2","error.glm.test.3","error.glm.train.3","error.glm.test.4","error.glm.train.4"
"1",0.1,0.0449615782876451,0.0492986517772028,0.02027358439152,0.0241045894048754,0.0263229603793122,0.0294157701212039,0.0308463676494632,0.0325480049026284,0.0124802441549948,0.0125289391256979
"2",0.2,0.0442530928115974,0.0443369883538786,0.0199465910948826,0.0198869440849963,0.0259959670826748,0.028059660832255,0.0304648754700529,0.0290131444527685,0.0120987519755845,0.0117142273377375
"3",0.3,0.0442530928115974,0.0497661535667257,0.0199465910948826,0.023293829178586,0.0259959670826748,0.0304681469372928,0.0304648754700529,0.0334650138491577,0.0120987519755845,0.0123053171684148
"4",0.4,0.0443075916943703,0.0468260454978886,0.0199465910948826,0.0209440130772374,0.0260504659654477,0.0290151205557826,0.0304648754700529,0.0317395450211143,0.0121532508583574,0.0119534123416428
"5",0.5,0.0442530928115974,0.0472972972972973,0.0199465910948826,0.0200795553618134,0.0259959670826748,0.0285527462946818,0.0304648754700529,0.0328029642545772,0.0120987519755845,0.0131593286835222
"6",0.6,0.0442530928115974,0.0472233573990828,0.0199465910948826,0.020501294101621,0.0259959670826748,0.0281069790673387,0.0304648754700529,0.0330109431049357,0.0120987519755845,0.0128274985242701
"7",0.7,0.0442530928115974,0.0469768618522194,0.0199465910948826,0.0206472454122638,0.0259959670826748,0.0277891295463833,0.0304648754700529,0.0325179520112091,0.0120987519755845,0.0129993967345827
"8",0.8,0.0442530928115974,0.0473376811347421,0.0199465910948826,0.020927341767841,0.0259959670826748,0.0287431675379297,0.0304648754700529,0.0321998399373372,0.0120987519755845,0.0128050130263763
"9",0.9,0.0442530928115974,0.0465133879243798,0.0199465910948826,0.0206305719950959,0.0259959670826748,0.0276991538892337,0.0304648754700529,0.0318313227481193,0.0120987519755845,0.0128657272163107
