"","size.train","error.glm.test","error.glm.train","error.glm.test.0","error.glm.train.0","error.glm.test.1","error.glm.train.1","error.glm.test.2","error.glm.train.2","error.glm.test.3","error.glm.train.3"
"1",0.5,0.0417302244497712,0.042159158995588,0.0122030943560689,0.0141892259927011,0.0262039660056657,0.0261179802821504,0.0345391152756592,0.0344790021242987,0.0105142732621486,0.00953210959202571
"2",0.6,0.0416757463499673,0.0433026190368118,0.012148616256265,0.0132313558168036,0.0261494879058618,0.0267577504425582,0.0345935933754631,0.0359947346920249,0.0104597951623447,0.0106213971222368
"3",0.7,0.0416757463499673,0.0429724734947962,0.012148616256265,0.0133255519891061,0.0261494879058618,0.0264565703725319,0.0345935933754631,0.0355023830366696,0.0104597951623447,0.0106604415912849
"4",0.8,0.0416757463499673,0.0430142302716688,0.012148616256265,0.0133962007217267,0.0261494879058618,0.0266221828828215,0.0345391152756592,0.0355416354599306,0.0105142732621486,0.0104684414788589
"5",0.9,0.0416757463499673,0.0432124916782667,0.012148616256265,0.0134055558917872,0.0261494879058618,0.026432851177147,0.0345935933754631,0.0357531925195182,0.0104597951623447,0.0108333837680809
