"","size.train","error.glm.test","error.glm.train","error.glm.test.1","error.glm.train.1","error.glm.test.2","error.glm.train.2","error.glm.test.3","error.glm.train.3","error.glm.test.4","error.glm.train.4"
"1",0.2,0.134123711340206,0.136466707895279,0.0738659793814433,0.0743661100803958,0.0981443298969072,0.0995155638012781,0.0622680412371134,0.0636466707895279,0.0339690721649485,0.0354050711193568
"2",0.3,0.133865979381443,0.135332921047207,0.0738659793814433,0.0736274307702879,0.0980412371134021,0.0987081701367416,0.0618041237113402,0.0635951350237065,0.034020618556701,0.0347351061636776
"3",0.4,0.133762886597938,0.1340806597088,0.0737113402061856,0.0732379847957737,0.0979896907216495,0.096843190310527,0.0621134020618557,0.0624404071640253,0.0337113402061856,0.0356397371472748
"4",0.5,0.133711340206186,0.133900960705892,0.0737113402061856,0.0728981981610522,0.0979896907216495,0.0973487815940296,0.0617525773195876,0.0627345070712901,0.0339690721649485,0.0348204345854121
"5",0.6,0.13360824742268,0.13384758108851,0.0737628865979381,0.0730140186915888,0.0977319587628866,0.0971687740516767,0.0617525773195876,0.0627748763056624,0.0339690721649485,0.0347374931280924
"6",0.7,0.133659793814433,0.133888995243495,0.0737113402061856,0.072672920317493,0.0979896907216495,0.0973242817382597,0.061701030927835,0.0626444990943496,0.0339175257731959,0.0351362893368872
"7",0.8,0.13360824742268,0.133837570384878,0.0737113402061856,0.0728266051617725,0.0978350515463918,0.0973856124933964,0.0617525773195876,0.0625314074398588,0.0339175257731959,0.0349315156747284
