"","size.train","error.glm.test","error.glm.train","error.glm.test.1","error.glm.train.1","error.glm.test.2","error.glm.train.2","error.glm.test.3","error.glm.train.3"
"1",0.5,0.065751605047598,0.0660544368223058,0.0318795660836839,0.0330825403850409,0.0500332078813372,0.0493472007081213,0.0495904361301749,0.0496791325514494
"2",0.7,0.0646446756696923,0.0629050102734313,0.0312154084569404,0.0304251620041094,0.0495904361301749,0.0466255729413624,0.0484835067522692,0.0487592856013909
"3",0.9,0.06420190391853,0.0646013891449997,0.0309940225813593,0.0320855614973262,0.0493690502545938,0.0483127420247096,0.0480407350011069,0.0488044747679636
