"","size.train","error.glm.test","error.glm.train","error.glm.test.1","error.glm.train.1","error.glm.test.2","error.glm.train.2","error.glm.test.3","error.glm.train.3","error.glm.test.4","error.glm.train.4"
"1",0.1,0.0467966877315319,0.0479237576582709,0.0206471998256701,0.020285908781484,0.0272390499019394,0.0281824370319946,0.0328502941817389,0.0330837304288632,0.0128568315537154,0.0142954390742001
"2",0.2,0.0460884724340815,0.0443218954248366,0.0203748093266507,0.0193355119825708,0.0271845718021355,0.0265522875816993,0.0321965569840924,0.0299564270152505,0.0124210067552844,0.0127995642701525
"3",0.3,0.0459250381346699,0.0444787364407934,0.0203203312268468,0.0192892479462624,0.0271300937023317,0.0274134253165706,0.0320876007844846,0.0307720237825081,0.0123120505556766,0.0114827758362456
"4",0.4,0.0459250381346699,0.0474569347041601,0.0203203312268468,0.0214815823517396,0.0271300937023317,0.0283924559133928,0.0320876007844846,0.032001089398788,0.0123120505556766,0.0130387417443998
"5",0.5,0.0459250381346699,0.0469524483904352,0.0203203312268468,0.0203170107304319,0.0271300937023317,0.0278882292063838,0.0320876007844846,0.0325181110082248,0.0123120505556766,0.0131815458358298
"6",0.6,0.0459250381346699,0.0459352730243747,0.0203203312268468,0.0201534201806545,0.0271300937023317,0.0272570468884753,0.0320876007844846,0.0314783713857746,0.0123120505556766,0.012981707593845
"7",0.7,0.0459250381346699,0.0464342683733416,0.0203203312268468,0.0209508617671089,0.0271300937023317,0.0277204995525814,0.0320876007844846,0.0313971131774501,0.0123120505556766,0.0128000622495429
"8",0.8,0.0459250381346699,0.0464866889085586,0.0203203312268468,0.0206475114046436,0.0271300937023317,0.0277966909511813,0.0320876007844846,0.0316606522775243,0.0123120505556766,0.012868523183768
"9",0.9,0.0459250381346699,0.0461780548326575,0.0203203312268468,0.0205773769896508,0.0271300937023317,0.0275978938449434,0.0320876007844846,0.0314258911819887,0.0123120505556766,0.0127549476487321
