"","size.train","error.glm.test","error.glm.train","error.glm.test.1","error.glm.train.1","error.glm.test.2","error.glm.train.2","error.glm.test.3","error.glm.train.3"
"1",0.5,0.0308991825613079,0.0305969539274719,0.0142234332425068,0.0141677792006103,0.0243596730245232,0.0250933166226194,0.0232152588555858,0.021932812031714
"2",0.6,0.0308446866485014,0.0303105984924167,0.0142234332425068,0.0148260830079012,0.0243051771117166,0.0240895468168195,0.0231607629427793,0.0217055671601126
"3",0.7,0.0308446866485014,0.0307288119100905,0.0142234332425068,0.0143621679478447,0.0243596730245232,0.0244818526807434,0.0231062670299728,0.0226136031915929
"4",0.8,0.031008174386921,0.0312468072063481,0.0142779291553134,0.0148486190103191,0.0244141689373297,0.0248782481354085,0.0233242506811989,0.0227667472669686
"5",0.9,0.0309536784741144,0.030847939938849,0.0142234332425068,0.0147882420609693,0.0244141689373297,0.0245360699906154,0.0232697547683924,0.0223715678261133
