"","size.train","error.glm.test","error.glm.train"
"1",0.2,0.0508221225710015,0.0497835497835498
"2",0.3,0.0503582289572702,0.0485843870258384
"3",0.4,0.0503066852224112,0.0511532019069708
"4",0.5,0.0501520540178341,0.0511699824760334
"5",0.6,0.0503066852224112,0.0503547683268335
"6",0.7,0.0503066852224112,0.050745125758379
"7",0.8,0.0502551414875522,0.0509741263787238
