"","size.train","error.glm.test","error.glm.train","error.glm.test.0","error.glm.train.0","error.glm.test.1","error.glm.train.1"
"1",0.5,0.0759721285682176,0.0712439599955051,0.0759721285682176,0.0712439599955051,0.0759721285682176,0.0712439599955051
"2",0.7,0.0752978197347719,0.0748113661903997,0.0752978197347719,0.0748113661903997,0.0752978197347719,0.0748113661903997
"3",0.9,0.0752978197347719,0.0732925458858784,0.0752978197347719,0.0732925458858784,0.0752978197347719,0.0732925458858784
