"","size.train","error.glm.test","error.glm.train","error.glm.test.1","error.glm.train.1","error.glm.test.2","error.glm.train.2","error.glm.test.3","error.glm.train.3","error.glm.test.4","error.glm.train.4"
"1",0.5,0.112715188494225,0.114358080505474,0.06025277838309,0.0629663925050384,0.0839507517977773,0.0830927610436298,0.051699716713881,0.052317664360804,0.0295271300937023,0.0303393431014761
"2",0.6,0.112878622793637,0.113884980255095,0.0603072564828939,0.0619581498797149,0.084059707997385,0.0822477418183469,0.0517541948136849,0.0532658526621579,0.0296360862933101,0.0302982161499705
"3",0.7,0.112824144693833,0.115025483406606,0.06025277838309,0.0624635256584834,0.0840052298975812,0.0838034470684356,0.0517541948136849,0.0530871882659612,0.0296360862933101,0.0306968058203323
"4",0.8,0.112824144693833,0.114335807176415,0.06025277838309,0.0621978620548785,0.0840052298975812,0.0834751821338599,0.0517541948136849,0.0527507319398107,0.0296360862933101,0.03024783822428
"5",0.9,0.112769666594029,0.114900441808388,0.06025277838309,0.0622616958179507,0.0840052298975812,0.0837468982630273,0.051699716713881,0.0531077891424076,0.0295816081935062,0.030684500393391
