"","size.train","error.glm.test","error.glm.train","error.glm.test.1","error.glm.train.1","error.glm.test.2","error.glm.train.2","error.glm.test.3","error.glm.train.3","error.glm.test.4","error.glm.train.4"
"1",0.5,0.0724742268041237,0.067876101633768,0.0359278350515464,0.0333453589651085,0.0444329896907217,0.0396845848580116,0.0482474226804124,0.0456630417976602,0.016340206185567,0.0170592176467557
"2",0.7,0.0724742268041237,0.0683809453688706,0.0359278350515464,0.0339787954645855,0.0444329896907217,0.0400530113385363,0.0482474226804124,0.0460167869238698,0.016340206185567,0.0167132970107495
"3",0.9,0.0724742268041237,0.0676879026485326,0.0359278350515464,0.0336435218324982,0.0444329896907217,0.0401145311381532,0.0482474226804124,0.0449821045096636,0.016340206185567,0.0166356478167502
