"","size.train","error.glm.test","error.glm.train","error.glm.test.1","error.glm.train.1","error.glm.test.2","error.glm.train.2","error.glm.test.3","error.glm.train.3","error.glm.test.4","error.glm.train.4"
"1",0.1,0.132367349043469,0.137371134020619,0.071726911772289,0.0762886597938144,0.0950342907234569,0.101159793814433,0.062496777187645,0.0628865979381443,0.0354767184035477,0.0344072164948454
"2",0.2,0.131903264064353,0.134884320422762,0.0720363017583664,0.0726300186891796,0.094415510751302,0.0962814977121866,0.062135822203888,0.0656699104208288,0.0352188934151498,0.0351872140233292
"3",0.3,0.132161089052751,0.133957724694965,0.0716753467746094,0.0710173569341811,0.0952921157118548,0.0982986767485822,0.0622389521992472,0.0634988829695824,0.0351157634197906,0.0351005327375838
"4",0.4,0.132057959057392,0.133442897654035,0.0718300417676481,0.0716357308584687,0.0950858557211365,0.0974800206238721,0.0620842572062084,0.0619038411961846,0.0351157634197906,0.0358662026295437
"5",0.5,0.131387614087557,0.134184068058778,0.0715206517815707,0.0719515339004898,0.0942608157582633,0.0983500902294406,0.0619811272108493,0.062722351121423,0.0350126334244315,0.0353441608662026
"6",0.6,0.131748569071314,0.132916559250666,0.0719847367606868,0.0704648964509753,0.0943639457536224,0.0961588038154163,0.062135822203888,0.0636976884076652,0.0350126334244315,0.0355117298272751
"7",0.7,0.131490744082917,0.132524352293443,0.0716753467746094,0.071629808312004,0.0945702057443407,0.0965068959802604,0.0616717372247718,0.0630305485480693,0.0350641984221111,0.033881451746552
"8",0.8,0.131593874078276,0.133267808517152,0.0716753467746094,0.0718946876560914,0.0945702057443407,0.0975943799042908,0.0619295622131697,0.0630004994924512,0.0350126334244315,0.0340460499814704
"9",0.9,0.131697004073635,0.133340971913894,0.0717784767699685,0.0715830480800905,0.0946217707420203,0.0974778361810917,0.0618779972154901,0.0631615130118446,0.0351157634197906,0.0344595465547615
