"","size.train","error.glm.test","error.glm.train","error.glm.test.0","error.glm.train.0","error.glm.test.1","error.glm.train.1"
"1",0.5,0.109891242719447,0.110684465519019,0.109891242719447,0.110684465519019,0.109891242719447,0.110684465519019
"2",0.7,0.110045873924025,0.110681613194176,0.110045873924025,0.110681613194176,0.110045873924025,0.110681613194176
"3",0.9,0.109994330189166,0.111356087504295,0.109994330189166,0.111356087504295,0.109994330189166,0.111356087504295
