"","size.train","error.glm.test","error.glm.train","error.glm.test.0","error.glm.train.0","error.glm.test.1","error.glm.train.1"
"1",0.5,0.0630379877325911,0.0619266055045872,0.0630379877325911,0.0619266055045872,0.0630379877325911,0.0619266055045872
"2",0.6,0.062831812793155,0.0616329510801873,0.062831812793155,0.0616329510801873,0.062831812793155,0.0616329510801873
"3",0.7,0.0630379877325911,0.0622158411103135,0.0630379877325911,0.0622158411103135,0.0630379877325911,0.0622158411103135
"4",0.8,0.0626256378537189,0.0621386119477507,0.0626256378537189,0.0621386119477507,0.0626256378537189,0.0621386119477507
"5",0.9,0.0630379877325911,0.0619917535219333,0.0630379877325911,0.0619917535219333,0.0630379877325911,0.0619917535219333
