"","size.train","error.glm.test","error.glm.train","error.glm.test.1","error.glm.train.1","error.glm.test.2","error.glm.train.2","error.glm.test.3","error.glm.train.3","error.glm.test.4","error.glm.train.4"
"1",0.5,0.146557449634713,0.134860050890585,0.0894398937347797,0.0808717778515323,0.114013725924286,0.105985175351256,0.0606597299092318,0.0557583803518088,0.0290015497011291,0.0271047682265737
"2",0.7,0.144786362630064,0.142168484273747,0.0881115784812929,0.086533902323376,0.112464024795218,0.111348190295559,0.0602169581580695,0.0571360834518729,0.0287801638255479,0.0293187924766872
"3",0.9,0.145007748505645,0.141680496650071,0.0892185078591986,0.0864220296268978,0.113570954173124,0.111254533161227,0.0595528005313261,0.0569180650316553,0.0276732344476422,0.0287663654803614
