"","size.train","error.glm.test","error.glm.train","error.glm.test.0","error.glm.train.0","error.glm.test.1","error.glm.train.1"
"1",0.1,0.0631671221574795,0.0604459337543498,0.0631671221574795,0.0604459337543498,0.0631671221574795,0.0604459337543498
"2",0.2,0.0631155571597999,0.0645098923761036,0.0631155571597999,0.0645098923761036,0.0631155571597999,0.0645098923761036
"3",0.3,0.0630639921621204,0.0648335123523093,0.0630639921621204,0.0648335123523093,0.0630639921621204,0.0648335123523093
"4",0.4,0.0630639921621204,0.0625805620005156,0.0630639921621204,0.0625805620005156,0.0630639921621204,0.0625805620005156
"5",0.5,0.0631155571597999,0.062902810002578,0.0631155571597999,0.062902810002578,0.0631155571597999,0.062902810002578
"6",0.6,0.0630639921621204,0.0621508979977657,0.0630639921621204,0.0621508979977657,0.0630639921621204,0.0621508979977657
"7",0.7,0.0630639921621204,0.063161771475923,0.0630639921621204,0.063161771475923,0.0630639921621204,0.063161771475923
"8",0.8,0.0630639921621204,0.0620820778885971,0.0630639921621204,0.0620820778885971,0.0630639921621204,0.0620820778885971
"9",0.9,0.0630639921621204,0.0622305610060011,0.0630639921621204,0.0622305610060011,0.0630639921621204,0.0622305610060011
