"","size.train","error.glm.test","error.glm.train","error.glm.test.1","error.glm.train.1","error.glm.test.2","error.glm.train.2","error.glm.test.3","error.glm.train.3","error.glm.test.4","error.glm.train.4"
"1",0.5,0.129948453608247,0.129132843705708,0.070979381443299,0.0702744491689215,0.093659793814433,0.0947300605592063,0.0623711340206186,0.0599922690374952,0.0328865979381443,0.0332689086457931
"2",0.6,0.130309278350515,0.130156548628857,0.0711855670103093,0.0712951231558829,0.0939690721649485,0.0953250155689652,0.0622680412371134,0.060579380247815,0.0331958762886598,0.0331135782850516
"3",0.7,0.129845360824742,0.12991220158663,0.070979381443299,0.0710302048629645,0.0938144329896907,0.0938541110640726,0.0619587628865979,0.0613484511034622,0.0329381443298969,0.0335916361427599
"4",0.8,0.130051546391753,0.131343716278246,0.0708247422680412,0.0715424632382548,0.0938144329896907,0.0952503664095089,0.0622164948453608,0.0620882926122179,0.0332474226804124,0.0338063102965099
"5",0.9,0.129845360824742,0.129763779527559,0.0704639175257732,0.0702505368647101,0.0938144329896907,0.0942591267000716,0.0622164948453608,0.0614030064423765,0.0331958762886598,0.0336148890479599
