"","size.train","error.glm.test","error.glm.train","error.glm.test.1","error.glm.train.1","error.glm.test.2","error.glm.train.2","error.glm.test.3","error.glm.train.3"
"1",0.1,0.0521322126540504,0.0485887356618121,0.0256793688444284,0.0239721613610001,0.0402206981900686,0.0378914808609357,0.0383643582736039,0.0353138291016884
"2",0.2,0.0507915227143815,0.051363021202552,0.0242871139070799,0.0251981697493072,0.0399113082039911,0.039891731649159,0.0373846233176919,0.0376361410066379
"3",0.3,0.0509462177074202,0.0487218045112782,0.0246480688908369,0.0232438238453276,0.0398597432063116,0.0379806659505908,0.0373846233176919,0.036219119226638
"4",0.4,0.0510493477027794,0.0492056842715819,0.0245965038931573,0.0236200174008314,0.0399628732016707,0.0379918151645023,0.0375393183107307,0.0367995359778301
"5",0.5,0.0507399577167019,0.0494985691819846,0.0244933738977982,0.0248266261053391,0.0397566132109524,0.0374848539534404,0.0372299283246532,0.0366856583051896
"6",0.6,0.0507915227143815,0.0514522643292945,0.0244933738977982,0.0243189825556415,0.039808178208632,0.0398513362550486,0.0372814933223328,0.0387342098478989
"7",0.7,0.0508946527097406,0.050731042610393,0.0244933738977982,0.0245092623282878,0.0399113082039911,0.0390564578499613,0.0373846233176919,0.0378963650425367
"8",0.8,0.0506883927190223,0.0506896107244135,0.0244418089001186,0.0241847125547822,0.0397050482132728,0.0388147718484145,0.0372299283246532,0.0383797370456303
"9",0.9,0.0508946527097406,0.0509581507261322,0.0244933738977982,0.0247916129586663,0.0399113082039911,0.0389275586491364,0.0373846233176919,0.0381971298444616
