"","size.train","error.glm.test","error.glm.train","error.glm.test.1","error.glm.train.1","error.glm.test.2","error.glm.train.2","error.glm.test.3","error.glm.train.3","error.glm.test.4","error.glm.train.4"
"1",0.1,0.0717525773195876,0.0655674352698699,0.0354123711340206,0.0341362875177122,0.0435051546391753,0.0407059126626304,0.0482474226804124,0.0417364420971274,0.016340206185567,0.0145562282622697
"2",0.2,0.0717010309278351,0.0650647426399536,0.0355154639175258,0.0320170070218386,0.0439175257731959,0.0382657991367648,0.0477835051546392,0.0439348064162855,0.0161855670103093,0.0159118727050184
"3",0.3,0.0715979381443299,0.0669959201202491,0.0355670103092783,0.0333261756495598,0.0435567010309278,0.0397680910457376,0.0478865979381443,0.0444492162336268,0.0161855670103093,0.016448357311574
"4",0.4,0.0717525773195876,0.0656466419713319,0.0355670103092783,0.0322435174746336,0.0438144329896907,0.038363665646642,0.0478865979381443,0.0440328555322918,0.0162371134020619,0.0166532452890965
"5",0.5,0.0718041237113402,0.0671287945163119,0.0354639175257732,0.0329588208009071,0.0439175257731959,0.0398907385455857,0.0480412371134021,0.04470958099263,0.0161855670103093,0.016698448693501
"6",0.6,0.0718041237113402,0.0684190181677619,0.0356185567010309,0.0331142893956964,0.0438659793814433,0.0408237770046815,0.0479381443298969,0.0455697289868144,0.0161855670103093,0.0173302409483314
"7",0.7,0.0717010309278351,0.0666323074657635,0.0355670103092783,0.0331136798704167,0.0437628865979381,0.0396848770431453,0.0478865979381443,0.0443969960241496,0.0161855670103093,0.0160690619938153
"8",0.8,0.0715979381443299,0.0669211441824507,0.0355154639175258,0.033243138770777,0.0437113402061856,0.0396533951810334,0.0478350515463918,0.0443402911995877,0.0161340206185567,0.0166054632135034
"9",0.9,0.0717525773195876,0.0662276306370795,0.0355670103092783,0.0328847530422334,0.0438144329896907,0.0395275590551181,0.0478865979381443,0.0439226914817466,0.0162371134020619,0.0161202576950608
