"","size.train","error.glm.test","error.glm.train","error.glm.test.0","error.glm.train.0","error.glm.test.1","error.glm.train.1"
"1",0.1,0.0420708446866485,0.0463152159106389,0.0420708446866485,0.0463152159106389,0.0420708446866485,0.0463152159106389
"2",0.2,0.0421798365122616,0.0439994551151069,0.0421798365122616,0.0439994551151069,0.0421798365122616,0.0439994551151069
"3",0.3,0.0420708446866485,0.0447713753802843,0.0420708446866485,0.0447713753802843,0.0420708446866485,0.0447713753802843
"4",0.4,0.0420708446866485,0.0424343561625175,0.0420708446866485,0.0424343561625175,0.0420708446866485,0.0424343561625175
"5",0.5,0.0420708446866485,0.0437021496880364,0.0420708446866485,0.0437021496880364,0.0420708446866485,0.0437021496880364
"6",0.6,0.0420708446866485,0.043161384070475,0.0420708446866485,0.043161384070475,0.0420708446866485,0.043161384070475
"7",0.7,0.0420708446866485,0.0438657947999377,0.0420708446866485,0.0438657947999377,0.0420708446866485,0.0438657947999377
"8",0.8,0.0420708446866485,0.0436951894423159,0.0420708446866485,0.0436951894423159,0.0420708446866485,0.0436951894423159
"9",0.9,0.0420708446866485,0.0437441346532256,0.0420708446866485,0.0437441346532256,0.0420708446866485,0.0437441346532256
