"","size.train","error.glm.test","error.glm.train","error.glm.test.1","error.glm.train.1","error.glm.test.2","error.glm.train.2","error.glm.test.3","error.glm.train.3","error.glm.test.4","error.glm.train.4"
"1",0.1,0.126958762886598,0.128687363132809,0.0681443298969072,0.0718794280561639,0.0920618556701031,0.0962256859461548,0.0614432989690722,0.058224913049079,0.0322680412371134,0.0310446992142213
"2",0.2,0.126701030927835,0.133148673022417,0.0680412371134021,0.071437773769647,0.0918556701030928,0.0989435712445246,0.0614948453608247,0.0622906467405308,0.0320103092783505,0.0336253542901314
"3",0.3,0.126701030927835,0.125708641126954,0.0679381443298969,0.0672135371929222,0.0916494845360825,0.0922951382923896,0.0612886597938144,0.0606425012884384,0.0325257731958763,0.031266105480158
"4",0.4,0.126907216494845,0.128518971848225,0.0680412371134021,0.0691876570250596,0.0921134020618557,0.0946659795142692,0.0612371134020619,0.0600721510017394,0.0324226804123711,0.0331121561553823
"5",0.5,0.12639175257732,0.128488596830305,0.0677319587628866,0.0702229094188893,0.0914948453608247,0.0942919726839325,0.0614432989690722,0.0604561267877851,0.0321134020618557,0.0320061847700039
"6",0.6,0.126907216494845,0.127751411944081,0.0682989690721649,0.0696201172504134,0.0920103092783505,0.0946378336590289,0.0613917525773196,0.0594841840788541,0.0321134020618557,0.0317606888998647
"7",0.7,0.126494845360825,0.126507022032432,0.0679896907216495,0.0680115592041083,0.0919587628865979,0.0923079754827072,0.0612886597938144,0.0605569769368109,0.0317525773195876,0.0321375324412376
"8",0.8,0.126494845360825,0.127220602683245,0.0679896907216495,0.068884987678977,0.0918041237113402,0.0928183736249577,0.0613917525773196,0.0603166422393661,0.0318041237113402,0.0324212018231893
"9",0.9,0.126546391752577,0.127831066571224,0.0678865979381443,0.0692197566213314,0.0917525773195876,0.0933428775948461,0.0613917525773196,0.0605153901216893,0.0320618556701031,0.0325841088045812
