"","size.train","error.glm.test","error.glm.train","error.glm.test.1","error.glm.train.1","error.glm.test.2","error.glm.train.2","error.glm.test.3","error.glm.train.3"
"1",0.1,0.0515437348590279,0.0517841040834729,0.0252564300809237,0.0226716475589334,0.0389670635534251,0.042380522993688,0.038863976083707,0.0385160376143244
"2",0.2,0.0510282975104376,0.0472816284462767,0.0248956239369105,0.0225457356351456,0.0385031699396938,0.03562226230353,0.0386578011442709,0.0363952589538779
"3",0.3,0.0508736663058605,0.0496048788867892,0.0247409927323334,0.0238361106339117,0.0385547136745529,0.0388678921147569,0.0384516262048348,0.0365057550249098
"4",0.4,0.0512344724498737,0.0471573522306329,0.0248956239369105,0.0228056047672733,0.0387093448791299,0.0367208890320503,0.038863976083707,0.0347882106619423
"5",0.5,0.0510282975104376,0.0480350470300219,0.0247925364671924,0.0223167117639479,0.0386578011442709,0.0379332560237083,0.0386062574094119,0.0358201262723876
"6",0.6,0.0509767537755786,0.0482755658635056,0.0249471676717695,0.0226560151183267,0.0384516262048348,0.0380749903362969,0.0385547136745529,0.0358201262723876
"7",0.7,0.0509252100407196,0.0479687816371233,0.0247925364671924,0.022787932335671,0.0385547136745529,0.0374583540412686,0.0385031699396938,0.035691276897307
"8",0.8,0.0508221225710015,0.0476589302108332,0.0246894489974744,0.0229999838935687,0.0385031699396938,0.0370608984167378,0.0384516262048348,0.0352569781113599
"9",0.9,0.0508736663058605,0.0480758217844462,0.0248440802020514,0.0230214179360898,0.0385031699396938,0.0375386553659375,0.0384000824699758,0.0355915702668652
