"","size.train","error.glm.test","error.glm.train","error.glm.test.1","error.glm.train.1","error.glm.test.2","error.glm.train.2","error.glm.test.3","error.glm.train.3"
"1",0.5,0.0516192244224422,0.0503493258397999,0.0252681518151815,0.0241047719714352,0.0394492574257426,0.0393152697929825,0.0385210396039604,0.0372786099151821
"2",0.7,0.0513098184818482,0.0502706883217324,0.0249587458745875,0.0239384230103488,0.0393976897689769,0.0387434169336722,0.038263201320132,0.0378595366994439
"3",0.9,0.0512582508250825,0.0502857306541012,0.0251650165016502,0.0242763638446886,0.0391914191419142,0.0387705704587445,0.0381600660066007,0.0375245270047693
