"","size.train","error.glm.test","error.glm.train","error.glm.test.1","error.glm.train.1","error.glm.test.2","error.glm.train.2","error.glm.test.3","error.glm.train.3","error.glm.test.4","error.glm.train.4"
"1",0.5,0.0818345323741007,0.0889887640449438,0.0487859712230216,0.0495505617977528,0.0508093525179856,0.0573033707865169,0.0467625899280576,0.0569662921348315,0.0173111510791367,0.0141573033707865
"2",0.7,0.0816097122302158,0.087239165329053,0.0490107913669065,0.0489566613162119,0.0503597122302158,0.0550561797752809,0.0467625899280576,0.0558587479935795,0.0170863309352518,0.0146067415730337
"3",0.9,0.0809352517985611,0.0895131086142322,0.0487859712230216,0.0499375780274657,0.0494604316546763,0.0562421972534332,0.0469874100719424,0.0574906367041199,0.016636690647482,0.0153558052434457
