"","size.train","error.glm.test","error.glm.train","error.glm.test.0","error.glm.train.0","error.glm.test.1","error.glm.train.1","error.glm.test.2","error.glm.train.2"
"1",0.5,0.0989594863847686,0.0969240982518256,0.0405136152313482,0.0407169727815888,0.0863404914766438,0.0871874308475326,0.0710648660615453,0.0659437928745298
"2",0.7,0.0989594863847686,0.090722301248617,0.0411777728580917,0.0380116959064327,0.0861191056010626,0.0803698435277383,0.070622094310383,0.0630630630630631
"3",0.9,0.0985167146336064,0.0946029014015245,0.0411777728580917,0.0399557413326777,0.0856763338499004,0.0832308827145316,0.0701793225592207,0.0660191787558397
