"","size.train","error.glm.test","error.glm.train","error.glm.test.1","error.glm.train.1","error.glm.test.2","error.glm.train.2","error.glm.test.3","error.glm.train.3","error.glm.test.4","error.glm.train.4"
"1",0.5,0.127217409240924,0.127690840186651,0.0684302805280528,0.0677253860630591,0.0906559405940594,0.0928355977210034,0.0602825907590759,0.0612286988579236,0.0350660066006601,0.0335919977313156
"2",0.7,0.126443894389439,0.127778289291962,0.067759900990099,0.0695700211766872,0.090088696369637,0.0925145014271246,0.0602310231023102,0.0603443513488629,0.0348081683168317,0.0331277046312494
"3",0.9,0.126237623762376,0.127098252649671,0.0677083333333333,0.0685906617015182,0.0897792904290429,0.092179891148668,0.0601278877887789,0.0601690060154683,0.0348597359735974,0.0332569464336866
