"","size.train","error.glm.test","error.glm.train","error.glm.test.1","error.glm.train.1","error.glm.test.2","error.glm.train.2","error.glm.test.3","error.glm.train.3","error.glm.test.4","error.glm.train.4"
"1",0.1,0.132268041237113,0.116321009918846,0.0707216494845361,0.066726780883679,0.0958762886597938,0.0872085533943063,0.0647938144329897,0.0524281849800335,0.0331443298969072,0.0262785005796728
"2",0.3,0.124742268041237,0.121499742312317,0.067319587628866,0.0669129015633053,0.0897938144329897,0.0881291874248411,0.0606701030927835,0.0573355093626525,0.031701030927835,0.0306218862738361
"3",0.5,0.125103092783505,0.123643860327277,0.0682474226804124,0.0675170725421982,0.0905670103092784,0.0894730060559206,0.0604639175257732,0.0584718464115449,0.0309278350515464,0.0318257956448911
