"","size.train","error.glm.test","error.glm.train","error.glm.test.0","error.glm.train.0","error.glm.test.1","error.glm.train.1"
"1",0.2,0.0639657749600536,0.0644745657887955,0.0639657749600536,0.0644745657887955,0.0639657749600536,0.0644745657887955
"2",0.3,0.0637596000206175,0.0628092358438703,0.0637596000206175,0.0628092358438703,0.0637596000206175,0.0628092358438703
"3",0.4,0.0638111437554765,0.0625966395216988,0.0638111437554765,0.0625966395216988,0.0638111437554765,0.0625966395216988
"4",0.5,0.0637596000206175,0.0618699103185239,0.0637596000206175,0.0618699103185239,0.0637596000206175,0.0618699103185239
"5",0.6,0.0637080562857585,0.0610579483567269,0.0637080562857585,0.0610579483567269,0.0637080562857585,0.0610579483567269
"6",0.7,0.0638111437554765,0.0629979236308481,0.0638111437554765,0.0629979236308481,0.0638111437554765,0.0629979236308481
"7",0.8,0.0637596000206175,0.0629703123389341,0.0637596000206175,0.0629703123389341,0.0637596000206175,0.0629703123389341
