"","size.train","error.glm.test","error.glm.train","error.glm.test.0","error.glm.train.0","error.glm.test.1","error.glm.train.1"
"1",0.1,0.0679861862790578,0.0641669887901044,0.0679861862790578,0.0641669887901044,0.0679861862790578,0.0641669887901044
"2",0.3,0.0658213494149786,0.0656244631506614,0.0658213494149786,0.0656244631506614,0.0658213494149786,0.0656244631506614
"3",0.5,0.0657182619452606,0.0658952685290176,0.0657182619452606,0.0658952685290176,0.0657182619452606,0.0658952685290176
"4",0.7,0.0657182619452606,0.066467870487971,0.0657182619452606,0.066467870487971,0.0657182619452606,0.066467870487971
"5",0.9,0.0657182619452606,0.0662581605772535,0.0657182619452606,0.0662581605772535,0.0657182619452606,0.0662581605772535
