"","size.train","error.glm.test","error.glm.train","error.glm.test.0","error.glm.train.0","error.glm.test.1","error.glm.train.1","error.glm.test.2","error.glm.train.2","error.glm.test.3","error.glm.train.3"
"1",0.1,0.0758247422680412,0.0718886884823499,0.0307216494845361,0.0274413810873486,0.0402061855670103,0.0378768358670446,0.0591237113402062,0.0595207420767843,0.0215979381443299,0.0189384179335223
"2",0.3,0.0735567010309278,0.0736525660296328,0.0292783505154639,0.0281296972299764,0.0397422680412371,0.03985398325102,0.0576288659793814,0.0596091904659652,0.0204639175257732,0.0197122611123041
"3",0.5,0.0726288659793814,0.0740110810462569,0.0287628865979381,0.028398402267749,0.0392783505154639,0.039814456899884,0.0569072164948454,0.0599922690374952,0.0203092783505155,0.0198170338873856
