"","size.train","error.glm.test","error.glm.train","error.glm.test.0","error.glm.train.0","error.glm.test.1","error.glm.train.1","error.glm.test.2","error.glm.train.2","error.glm.test.3","error.glm.train.3"
"1",0.5,0.0899280575539568,0.0770786516853933,0.0290017985611511,0.0214606741573034,0.0431654676258993,0.0382022471910112,0.0723920863309352,0.0664044943820225,0.0352967625899281,0.0280898876404494
"2",0.7,0.089478417266187,0.0799357945425361,0.0287769784172662,0.0230337078651685,0.0427158273381295,0.0400481540930979,0.0723920863309352,0.0679775280898876,0.0350719424460432,0.0288121990369181
"3",0.9,0.0885791366906475,0.0781523096129838,0.0278776978417266,0.0231585518102372,0.0424910071942446,0.0387016229712859,0.0719424460431655,0.0659176029962547,0.0348471223021583,0.0285268414481898
