"","size.train","error.glm.test","error.glm.train","error.glm.test.1","error.glm.train.1","error.glm.test.2","error.glm.train.2","error.glm.test.3","error.glm.train.3"
"1",0.5,0.0514921911241689,0.0483700554052313,0.0255656924900778,0.0234248163896405,0.038812432348848,0.0378817162736761,0.0386062574094119,0.035433578147146
"2",0.6,0.051801453533323,0.0493707855516901,0.0256687799597959,0.023149937722802,0.0389670635534251,0.0391702100244814,0.0389670635534251,0.0364214233560967
"3",0.7,0.051801453533323,0.0484105509231137,0.0255656924900778,0.0227143041213393,0.0390186072882841,0.0382130432381689,0.0390186072882841,0.0358937544867193
"4",0.8,0.0516468223287459,0.0490601897337607,0.0254626050203598,0.0230483031874628,0.0390701510231431,0.0383494129205792,0.038760888613989,0.0367226633594794
"5",0.9,0.0511829287150147,0.0482762570152331,0.0251017988763466,0.0224916962547245,0.0389670635534251,0.0381542778604971,0.0382969950002577,0.0359065399152445
