"","size.train","error.glm.test","error.glm.train","error.glm.test.0","error.glm.train.0","error.glm.test.1","error.glm.train.1"
"1",0.1,0.0675222926653265,0.0623550631280598,0.0675222926653265,0.0623550631280598,0.0675222926653265,0.0623550631280598
"2",0.2,0.0637080562857585,0.0598466791213039,0.0637080562857585,0.0598466791213039,0.0637080562857585,0.0598466791213039
"3",0.3,0.0630895314674501,0.0606451058712365,0.0630895314674501,0.0606451058712365,0.0630895314674501,0.0606451058712365
"4",0.4,0.062934900262873,0.0607202680067002,0.062934900262873,0.0607202680067002,0.062934900262873,0.0607202680067002
"5",0.5,0.062831812793155,0.0611019482527575,0.062831812793155,0.0611019482527575,0.062831812793155,0.0611019482527575
"6",0.6,0.0629864439977321,0.0622986728514367,0.0629864439977321,0.0622986728514367,0.0629864439977321,0.0622986728514367
"7",0.7,0.0624710066491418,0.0615531871813279,0.0624710066491418,0.0615531871813279,0.0624710066491418,0.0615531871813279
"8",0.8,0.0621102005051286,0.0613493968141479,0.0621102005051286,0.0613493968141479,0.0621102005051286,0.0613493968141479
"9",0.9,0.0623679191794237,0.0624498911923033,0.0623679191794237,0.0624498911923033,0.0623679191794237,0.0624498911923033
