"","size.train","error.glm.test","error.glm.train","error.glm.test.0","error.glm.train.0","error.glm.test.1","error.glm.train.1","error.glm.test.2","error.glm.train.2","error.glm.test.3","error.glm.train.3"
"1",0.1,0.0767525773195876,0.0733058490079876,0.0306701030927835,0.0297603710383922,0.0411855670103093,0.0380056686421026,0.0596907216494845,0.0602937387271322,0.0219587628865979,0.0185519196083484
"2",0.3,0.0735567010309278,0.0728795361820915,0.0290721649484536,0.0277002362035645,0.0395360824742268,0.0395963066351729,0.0576288659793814,0.058406699592012,0.0208762886597938,0.0200558299334335
"3",0.5,0.0729381443298969,0.0722071897951295,0.0288659793814433,0.0273418373920886,0.0394329896907216,0.0395052183996908,0.0572680412371134,0.0587810849117382,0.0203092783505155,0.0187862388867414
