"","size.train","error.glm.test","error.glm.train","error.glm.test.0","error.glm.train.0","error.glm.test.1","error.glm.train.1","error.glm.test.2","error.glm.train.2"
"1",0.1,0.0445606580595958,0.0412581699346405,0.0165604401590674,0.0168845315904139,0.0397668464346026,0.0373093681917211,0.0327940295255216,0.028322440087146
"2",0.2,0.0428719289644277,0.042483660130719,0.0155254126491257,0.0168845315904139,0.0383504929999455,0.0391476034858388,0.0318679522797843,0.0289351851851852
"3",0.3,0.0428174538323255,0.0399872912127814,0.0155254126491257,0.0162037037037037,0.0383504929999455,0.0362200435729848,0.0317590020155799,0.0275508351488744
"4",0.4,0.0427629787002233,0.0399332743242323,0.0155798877812279,0.0151154081841084,0.0382415427357411,0.0358480288690679,0.0317045268834777,0.0289031115952883
"5",0.5,0.0425995533039168,0.0401448920118746,0.0155254126491257,0.0151428493613313,0.0380236422073324,0.0365498270555873,0.0316500517513755,0.0285971076068306
"6",0.6,0.0425995533039168,0.0408978461678128,0.0154709375170235,0.0156374117700461,0.0380781173394346,0.0369714713692381,0.0316500517513755,0.0291868091963414
"7",0.7,0.0425450781718146,0.0402490030152709,0.0155254126491257,0.0152319813247739,0.0380236422073324,0.0364361443439354,0.0315411014871711,0.0288298803618325
"8",0.8,0.0425450781718146,0.0401552419698027,0.0154709375170235,0.015200776209849,0.0380236422073324,0.0363082370163583,0.0315955766192733,0.0288014707133981
"9",0.9,0.042381652775508,0.0405652812031895,0.0154164623849213,0.0156450953987684,0.0378057416789236,0.0367372259460441,0.0315411014871711,0.0287482410615666
