"","size.train","error.glm.test","error.glm.train","error.glm.test.1","error.glm.train.1","error.glm.test.2","error.glm.train.2","error.glm.test.3","error.glm.train.3","error.glm.test.4","error.glm.train.4"
"1",0.5,0.127792017575979,0.10885473838273,0.065543756865617,0.048481522136846,0.116074697912852,0.0986095865349433,0.0465031124130355,0.0493962678375412,0.027462467960454,0.0212221002561288
"2",0.6,0.122665690223361,0.107621951219512,0.0622482607103625,0.0487804878048781,0.110582204320762,0.0963414634146341,0.0457707799340901,0.0461890243902439,0.0267301354815086,0.0239329268292683
"3",0.7,0.120834859025998,0.107030841610037,0.0611497619919443,0.0487454260324098,0.110582204320762,0.0977522216414009,0.0439399487367265,0.0466544694197595,0.0259978030025632,0.0209095661265029
"4",0.8,0.117539362870743,0.109777015437393,0.0582204320761626,0.051114922813036,0.10765287440498,0.0989136649514008,0.0443061149761992,0.0471126357918811,0.024899304284145,0.0224128073184677
"5",0.9,0.116807030391798,0.11251143408883,0.0567557671182717,0.0513263543042992,0.105822043207616,0.101839617847342,0.0450384474551446,0.0481756276044313,0.0259978030025632,0.0236812684215876
