"","size.train","error.glm.test","error.glm.train","error.glm.test.0","error.glm.train.0","error.glm.test.1","error.glm.train.1","error.glm.test.2","error.glm.train.2","error.glm.test.3","error.glm.train.3"
"1",0.1,0.0769587628865979,0.0734346817830456,0.0308762886597938,0.0298892038134501,0.0413917525773196,0.0377480030919866,0.0597422680412371,0.0602937387271322,0.0219072164948454,0.0189384179335223
"2",0.3,0.0732989690721649,0.0747691646983036,0.0292268041237113,0.0292462958986472,0.0393814432989691,0.0400687137642259,0.0575773195876289,0.0602963281082242,0.0204123711340206,0.01992699162551
"3",0.5,0.0734536082474227,0.0733668341708543,0.0294329896907216,0.0289137997680711,0.0396907216494845,0.0389382811493364,0.0572680412371134,0.0596572606622858,0.0205154639175258,0.0192243267620152
"4",0.7,0.0730412371134021,0.0729076552117654,0.0290721649484536,0.028180161607981,0.0394845360824742,0.0398129912201587,0.0572164948453608,0.0589004030996337,0.0203092783505155,0.0189217544957573
"5",0.9,0.0731443298969072,0.0726843235504653,0.0291752577319588,0.0279742304939155,0.0394845360824742,0.039513242662849,0.0572164948453608,0.058740157480315,0.0204123711340206,0.0191410164638511
