"","size.train","error.glm.test","error.glm.train","error.glm.test.0","error.glm.train.0","error.glm.test.1","error.glm.train.1","error.glm.test.2","error.glm.train.2"
"1",0.1,0.0681443298969072,0.0703426951816542,0.0314948453608247,0.0340118526153053,0.0607216494845361,0.0622262303530018,0.0440721649484536,0.0444473073950013
"2",0.2,0.0680927835051546,0.0688011338014559,0.0312886597938144,0.0337563615280551,0.0607216494845361,0.061263930941184,0.0441752577319588,0.0425819751336726
"3",0.3,0.0682474226804124,0.0697045181240337,0.0314432989690722,0.031266105480158,0.0607731958762887,0.0615873561243773,0.0442783505154639,0.046555574643532
"4",0.4,0.0682474226804124,0.0710903527138025,0.031340206185567,0.0336286036398776,0.0608247422680412,0.0631019487840232,0.0443298969072165,0.0454501530037043
"5",0.5,0.0682989690721649,0.0696044324185028,0.0313917525773196,0.0316196366447623,0.0608247422680412,0.062388867413993,0.0443814432989691,0.0452003607782502
"6",0.6,0.0684020618556701,0.0706738822316712,0.0314432989690722,0.0330069149164627,0.0610309278350515,0.0636301163939355,0.0443298969072165,0.0447107331529442
"7",0.7,0.0684020618556701,0.0709394787218377,0.0314432989690722,0.0329848328670299,0.060979381443299,0.0628589309380062,0.0443814432989691,0.0460351936386394
"8",0.8,0.0682474226804124,0.0705289266847056,0.0314432989690722,0.0328082721298802,0.0607216494845361,0.0626530086329081,0.0443298969072165,0.0455965726066229
"9",0.9,0.0683505154639175,0.0706237741413621,0.0313917525773196,0.0329997566178471,0.0608762886597938,0.0629214448309926,0.0444329896907217,0.0453263468338845
