"","size.train","error.glm.test","error.glm.train","error.glm.test.0","error.glm.train.0","error.glm.test.1","error.glm.train.1"
"1",0.5,0.0649203320785851,0.0666701041559245,0.0649203320785851,0.0666701041559245,0.0649203320785851,0.0666701041559245
"2",0.7,0.0649203320785851,0.0660908956982911,0.0649203320785851,0.0660908956982911,0.0649203320785851,0.0660908956982911
"3",0.9,0.0649203320785851,0.0663143270456466,0.0649203320785851,0.0663143270456466,0.0649203320785851,0.0663143270456466
