"","size.train","error.glm.test","error.glm.train","error.glm.test.0","error.glm.train.0","error.glm.test.1","error.glm.train.1"
"1",0.1,0.0676253801350446,0.0624838959031178,0.0676253801350446,0.0624838959031178,0.0676253801350446,0.0624838959031178
"2",0.2,0.0637080562857585,0.0598466791213039,0.0637080562857585,0.0598466791213039,0.0637080562857585,0.0598466791213039
"3",0.3,0.062934900262873,0.0608598548297041,0.062934900262873,0.0608598548297041,0.062934900262873,0.0608598548297041
"4",0.4,0.0627287253234369,0.0608169050380106,0.0627287253234369,0.0608169050380106,0.0627287253234369,0.0608169050380106
"5",0.5,0.062883356528014,0.0609988660962787,0.062883356528014,0.0609988660962787,0.062883356528014,0.0609988660962787
"6",0.6,0.0630379877325911,0.0623201477472834,0.0630379877325911,0.0623201477472834,0.0630379877325911,0.0623201477472834
"7",0.7,0.0624710066491418,0.0614611519134132,0.0624710066491418,0.0614611519134132,0.0624710066491418,0.0614611519134132
"8",0.8,0.0622648317097057,0.0612527582263598,0.0622648317097057,0.0612527582263598,0.0622648317097057,0.0612527582263598
"9",0.9,0.0624710066491418,0.0623639903791089,0.0624710066491418,0.0623639903791089,0.0624710066491418,0.0623639903791089
