"","size.train","error.glm.test","error.glm.train","error.glm.test.0","error.glm.train.0","error.glm.test.1","error.glm.train.1"
"1",0.5,0.114478635121901,0.115864343882074,0.114478635121901,0.115864343882074,0.114478635121901,0.115864343882074
"2",0.7,0.114478635121901,0.113205463314067,0.114478635121901,0.113205463314067,0.114478635121901,0.113205463314067
"3",0.9,0.114478635121901,0.113546558240751,0.114478635121901,0.113546558240751,0.114478635121901,0.113546558240751
