"","size.train","error.glm.test","error.glm.train","error.glm.test.0","error.glm.train.0","error.glm.test.1","error.glm.train.1"
"1",0.5,0.0388010899182561,0.036236819878484,0.0388010899182561,0.036236819878484,0.0388010899182561,0.036236819878484
"2",0.6,0.0386920980926431,0.0360783779488227,0.0386920980926431,0.0360783779488227,0.0386920980926431,0.0360783779488227
"3",0.7,0.0386376021798365,0.0368986454927604,0.0386376021798365,0.0368986454927604,0.0386376021798365,0.0368986454927604
"4",0.8,0.0386920980926431,0.0368333219807915,0.0386920980926431,0.0368333219807915,0.0386920980926431,0.0368333219807915
"5",0.9,0.0386376021798365,0.0362975857110422,0.0386376021798365,0.0362975857110422,0.0386376021798365,0.0362975857110422
