"","size.train","error.glm.test","error.glm.train","error.glm.test.0","error.glm.train.0","error.glm.test.1","error.glm.train.1","error.glm.test.2","error.glm.train.2"
"1",0.2,0.0749484536082474,0.07024686904087,0.0355670103092783,0.0323661289491316,0.0659278350515464,0.0630830283976705,0.0484020618556701,0.0450445807349379
"2",0.3,0.0748453608247423,0.0734606926882903,0.0355154639175258,0.0342908191313909,0.0658762886597938,0.065695437053326,0.048298969072165,0.0469351291918637
"3",0.4,0.074639175257732,0.0719752609199845,0.0353092783505155,0.0336812266460508,0.0656185567010309,0.0642442984151527,0.0483505154639175,0.0460249967787656
"4",0.5,0.0748453608247423,0.0708999072260592,0.0355154639175258,0.0334398515616947,0.0658247422680412,0.063704772703845,0.0483505154639175,0.0446551901865787
"5",0.6,0.0747422680412371,0.0703351830535846,0.0354123711340206,0.033672925936743,0.0658247422680412,0.0628274949748312,0.0482474226804124,0.044169945195595
"6",0.7,0.0747422680412371,0.0713759792660659,0.0354123711340206,0.0337515462095777,0.0657731958762887,0.0636154797667432,0.048298969072165,0.0453849325558108
"7",0.8,0.0747422680412371,0.0701465036271566,0.0354123711340206,0.0328441289025757,0.0658247422680412,0.0626989137857723,0.0482474226804124,0.0447499645659653
