"","size.train","error.glm.test","error.glm.train","error.glm.test.0","error.glm.train.0","error.glm.test.1","error.glm.train.1","error.glm.test.2","error.glm.train.2","error.glm.test.3","error.glm.train.3"
"1",0.1,0.0752577319587629,0.0689255346560165,0.0301546391752577,0.0260242205617109,0.0408247422680412,0.0367173408915228,0.0586082474226804,0.0565575882504509,0.0209278350515464,0.0185519196083484
"2",0.3,0.0732989690721649,0.0703457161262615,0.0288144329896907,0.0262830148164054,0.0393814432989691,0.0383508696585785,0.057680412371134,0.0573759931286236,0.0207216494845361,0.0186815546489156
"3",0.5,0.0719587628865979,0.071846411544904,0.0284020618556701,0.0272902976420564,0.0390721649484536,0.0386548125241593,0.056340206185567,0.0582399175363999,0.0201030927835052,0.0195077953871924
