"","size.train","error.glm.test","error.glm.train","error.glm.test.1","error.glm.train.1","error.glm.test.2","error.glm.train.2","error.glm.test.3","error.glm.train.3","error.glm.test.4","error.glm.train.4"
"1",0.1,0.135463917525773,0.13358237794667,0.0732989690721649,0.0748422001803427,0.0979381443298969,0.0998325389668942,0.0648453608247423,0.0601571557387608,0.0348453608247423,0.0323328610073425
"2",0.3,0.133453608247423,0.129101528946916,0.0727835051546392,0.0697045181240337,0.0969072164948454,0.0926816698161828,0.063298969072165,0.061501460230201,0.0339175257731959,0.0343154097234152
"3",0.5,0.13319587628866,0.133874500708672,0.0724742268041237,0.0735729931709831,0.0965463917525773,0.0973843576858652,0.0633505154639175,0.0626981059141863,0.034020618556701,0.0340935446463085
"4",0.7,0.132835051546392,0.135378895249314,0.0723711340206186,0.074288133409413,0.0962886597938144,0.0988974580794787,0.0630412371134021,0.0626184910452981,0.0339690721649485,0.0349537079644389
"5",0.9,0.132783505154639,0.134201861130995,0.0724226804123711,0.0729849677881174,0.0962886597938144,0.0982820329277022,0.0629896907216495,0.0620472440944882,0.0338659793814433,0.0350894774516822
