"","size.train","error.glm.test","error.glm.train","error.glm.test.0","error.glm.train.0","error.glm.test.1","error.glm.train.1","error.glm.test.2","error.glm.train.2","error.glm.test.3","error.glm.train.3"
"1",0.5,0.0727832512315271,0.0655667056578218,0.0272167487684729,0.0246259927353321,0.0400246305418719,0.0373083789940282,0.0580049261083744,0.0528227544172874,0.020320197044335,0.0163762851689959
"2",0.7,0.0727832512315271,0.067985927880387,0.0279556650246305,0.0257695690413368,0.0397783251231527,0.0372031662269129,0.0577586206896552,0.0543975373790677,0.0200738916256158,0.0186015831134565
"3",0.9,0.0727832512315271,0.0683357274779397,0.0280788177339901,0.0256173472877762,0.0397783251231527,0.0380668992407141,0.057512315270936,0.0547575073534441,0.0201970443349754,0.0182297010739449
