"","size.train","error.glm.test","error.glm.train","error.glm.test.1","error.glm.train.1","error.glm.test.2","error.glm.train.2","error.glm.test.3","error.glm.train.3"
"1",0.5,0.0480537375129177,0.0470081790787774,0.0235962797106442,0.0216099870856651,0.0363417154667585,0.0365906155832975,0.0361694798484327,0.0358157554885923
"2",0.7,0.0490871512228729,0.0474111425408929,0.0239407509472959,0.0233058664370926,0.0372028935583879,0.036649858565982,0.037030657940062,0.0348665600787111
"3",0.9,0.0485704443678953,0.0468241821312416,0.0234240440923183,0.0228142337861106,0.0372028935583879,0.03563229385881,0.0365139510850844,0.0352018366175627
