"","size.train","error.glm.test","error.glm.train","error.glm.test.0","error.glm.train.0","error.glm.test.1","error.glm.train.1"
"1",0.5,0.0636413340623291,0.0596982287338727,0.0636413340623291,0.0596982287338727,0.0636413340623291,0.0596982287338727
"2",0.7,0.063531984691088,0.0588855480495138,0.063531984691088,0.0588855480495138,0.063531984691088,0.0588855480495138
"3",0.9,0.0638600328048114,0.0604707668944571,0.0638600328048114,0.0604707668944571,0.0638600328048114,0.0604707668944571
