"","size.train","error.glm.test","error.glm.train","error.glm.test.0","error.glm.train.0","error.glm.test.1","error.glm.train.1"
"1",0.5,0.0667061085638219,0.0650598846665681,0.0667061085638219,0.0650598846665681,0.0667061085638219,0.0650598846665681
"2",0.7,0.0665582014494897,0.0655330833817395,0.0665582014494897,0.0655330833817395,0.0665582014494897,0.0655330833817395
"3",0.9,0.0665582014494897,0.0639914568530004,0.0665582014494897,0.0639914568530004,0.0665582014494897,0.0639914568530004
