"","size.train","error.glm.test","error.glm.train","error.glm.test.1","error.glm.train.1","error.glm.test.2","error.glm.train.2","error.glm.test.3","error.glm.train.3","error.glm.test.4","error.glm.train.4"
"1",0.5,0.0881115784812929,0.086735258325036,0.0502545937569183,0.050779953534683,0.0557892406464468,0.0519969023122027,0.0560106265220279,0.0549839584024781,0.0141686960371928,0.015709702400708
"2",0.7,0.0874474208545495,0.0885885885885886,0.0493690502545938,0.0529476845266319,0.0560106265220279,0.055871661134819,0.0557892406464468,0.0546072388177651,0.0137259242860306,0.0137505926979611
"3",0.9,0.0865618773522249,0.0872771972956361,0.0491476643790126,0.0511370620774431,0.0549036971441222,0.0539028887523049,0.0551250830197033,0.0549477566072526,0.0139473101616117,0.0145666871542717
