"","size.train","error.glm.test","error.glm.train","error.glm.test.1","error.glm.train.1","error.glm.test.2","error.glm.train.2","error.glm.test.3","error.glm.train.3","error.glm.test.4","error.glm.train.4"
"1",0.5,0.0724226804123711,0.0677987940009277,0.0358762886597938,0.0332422821213214,0.0444329896907217,0.0397103540689584,0.0482474226804124,0.0456372725867134,0.0162886597938144,0.0170076792248621
"2",0.7,0.0724742268041237,0.0682889117950228,0.0359278350515464,0.0343469297599764,0.0444329896907217,0.0406972463554705,0.048298969072165,0.0452252981887793,0.0162886597938144,0.0163083492858195
"3",0.9,0.0724742268041237,0.0683607730851825,0.0359278350515464,0.0337866857551897,0.0444329896907217,0.0407444523979957,0.048298969072165,0.0457551896921976,0.0162886597938144,0.0164352183249821
