"","size.train","error.glm.test","error.glm.train","error.glm.test.0","error.glm.train.0","error.glm.test.1","error.glm.train.1"
"1",0.5,0.0630895314674501,0.062261622513143,0.0630895314674501,0.062261622513143,0.0630895314674501,0.062261622513143
"2",0.7,0.0630379877325911,0.0619949564673183,0.0630379877325911,0.0619949564673183,0.0630379877325911,0.0619949564673183
"3",0.9,0.0630895314674501,0.0630225632802657,0.0630895314674501,0.0630225632802657,0.0630895314674501,0.0630225632802657
