"","size.train","nrow.train","nrow.test","type.model","type.set","letter.to.test","value.to.test","deviance","error.test","error.train","nb.ok.test","nb.ko.test","nb.ok.train","nb.ko.train"
"1",0.5,24980,12489,"glm","without_location_with_risk_factor","B","0",11882.9202963941,0.063255664985187,0.0658526821457166,11699,790,23335,1645
"2",0.5,24980,12489,"glm","without_location_with_risk_factor","B","1",11882.9202963941,0.063255664985187,0.0658526821457166,11699,790,23335,1645
"3",0.5,24980,12489,"glm","without_location_with_risk_factor","B","ALL",NA,0.063255664985187,0.0658526821457166,11699,790,23335,1645
"4",0.7,34972,12489,"glm","without_location_with_risk_factor","B","0",17306.8305435472,0.063255664985187,0.0691124328033856,11699,790,32555,2417
"5",0.7,34972,12489,"glm","without_location_with_risk_factor","B","1",17306.8305435472,0.063255664985187,0.0691124328033856,11699,790,32555,2417
"6",0.7,34972,12489,"glm","without_location_with_risk_factor","B","ALL",NA,0.063255664985187,0.0691124328033856,11699,790,32555,2417
"7",0.9,44964,12489,"glm","without_location_with_risk_factor","B","0",22006.228420109,0.063255664985187,0.0679877235121431,11699,790,41907,3057
"8",0.9,44964,12489,"glm","without_location_with_risk_factor","B","1",22006.228420109,0.063255664985187,0.0679877235121431,11699,790,41907,3057
"9",0.9,44964,12489,"glm","without_location_with_risk_factor","B","ALL",NA,0.063255664985187,0.0679877235121431,11699,790,41907,3057
