"","size.train","error.glm.test","error.glm.train","error.glm.test.1","error.glm.train.1","error.glm.test.2","error.glm.train.2","error.glm.test.3","error.glm.train.3"
"1",0.5,0.030941875034047,0.0305852874690198,0.0143814348749796,0.0143802598251491,0.0238601078607616,0.0247569245853419,0.0236422073323528,0.0220333905275485
"2",0.6,0.0311053004303535,0.0299137539718566,0.0144359100070818,0.0142078983204721,0.0240235332570681,0.0241034952337721,0.0237511575965572,0.0215161143894689
"3",0.7,0.0308329247698426,0.0304840090265349,0.0142724846107752,0.0140261458252276,0.0239145829928638,0.0249007859310559,0.0234787819360462,0.0220410862967862
"4",0.8,0.0308873999019448,0.0305547517320033,0.0141635343465708,0.0141283810237118,0.0240780083891703,0.0248693550308952,0.0235332570681484,0.0221117674093996
"5",0.9,0.0305060739772294,0.0308367377818127,0.0140001089502642,0.0146164321379936,0.0238601078607616,0.0249508246330761,0.023151931143433,0.0221062187925556
