"","size.train","error.glm.test","error.glm.train","error.glm.test.1","error.glm.train.1","error.glm.test.2","error.glm.train.2","error.glm.test.3","error.glm.train.3"
"1",0.1,0.0589660326787279,0.0522993688007214,0.029534560074223,0.0238309931727425,0.0432451935467244,0.042380522993688,0.0451523117365084,0.0383872214350122
"2",0.3,0.0530900469047987,0.0499484624634942,0.0268027421266945,0.0237931626868236,0.0392247822277202,0.038223672908435,0.0401525694551827,0.0378800893317299
"3",0.5,0.0530385031699397,0.0507408839067131,0.0268027421266945,0.0243525318902203,0.0393278696974383,0.0392990593995619,0.0399463945157466,0.0378301765236439
"4",0.7,0.0526776970259265,0.0498647081561654,0.0263388485129632,0.0239843908185617,0.0392763259625792,0.0385811843098275,0.0397402195763105,0.0371638411839417
"5",0.9,0.0526776970259265,0.0503235597296988,0.0265450234523994,0.0243958309471996,0.0392247822277202,0.0389560187836445,0.0395855883717334,0.0372952697285534
