"","size.train","error.glm.test","error.glm.train","error.glm.test.1","error.glm.train.1","error.glm.test.2","error.glm.train.2","error.glm.test.3","error.glm.train.3"
"1",0.5,0.0312687258266601,0.0312117003023123,0.014490385139184,0.014843260614974,0.0240780083891703,0.0249748073099654,0.023969058124966,0.0226053326796852
"2",0.6,0.0312687258266601,0.0303676804357694,0.014490385139184,0.0148660916931457,0.0240780083891703,0.0242623694961416,0.023969058124966,0.0216068996822515
"3",0.7,0.0313232009587623,0.0319624931911913,0.0144359100070818,0.0151155552097113,0.0241869586533747,0.0256983892304101,0.0240235332570681,0.0231110419422613
"4",0.8,0.0312142506945579,0.0312186154186597,0.0144359100070818,0.0146730896896863,0.0240780083891703,0.0249544657599537,0.0239145829928638,0.0228096753876794
"5",0.9,0.0312687258266601,0.0312452715993342,0.014490385139184,0.0148736571342109,0.0240780083891703,0.024981086397337,0.023969058124966,0.0226357996671206
