"","size.train","error.glm.test","error.glm.train","error.glm.test.1","error.glm.train.1","error.glm.test.2","error.glm.train.2","error.glm.test.3","error.glm.train.3","error.glm.test.4","error.glm.train.4"
"1",0.5,0.00782185892467057,0.00961673946738058,0.00422803185117328,0.00440326898689587,0.00422803185117328,0.00588276736649288,0.00542597420900571,0.00655206425250106,0.00176167993798887,0.00239537832887135
"2",0.7,0.00789232612219012,0.00948594721082958,0.00436896624621239,0.00460458445512417,0.00443943344373194,0.00573685932113831,0.0052850398139666,0.00616460760385477,0.00169121274046931,0.00246584304154191
"3",0.9,0.00782185892467057,0.00968726760342871,0.00429849904869283,0.00469685701984422,0.00436896624621239,0.0059689224627187,0.0052850398139666,0.0063407569767897,0.00169121274046931,0.00236799874750479
