"","size.train","error.glm.test","error.glm.train","error.glm.test.0","error.glm.train.0","error.glm.test.1","error.glm.train.1","error.glm.test.2","error.glm.train.2","error.glm.test.3","error.glm.train.3"
"1",0.5,0.124845360824742,0.120860713825538,0.0527835051546392,0.0524932354078083,0.0686082474226804,0.0631619636644762,0.0972680412371134,0.0960185543100116,0.0310309278350515,0.0300476742687798
"2",0.7,0.124639175257732,0.122275806214107,0.0527319587628866,0.0525143572375202,0.0684020618556701,0.0644050949786482,0.0971134020618557,0.0978132822853777,0.0310309278350515,0.0298188779266676
"3",0.9,0.124690721649485,0.122147458840372,0.0527835051546392,0.0517823908375089,0.0683505154639175,0.0655690765926986,0.0972164948453608,0.0974659985683608,0.0310309278350515,0.0294774516821761
