"","size.train","error.glm.test","error.glm.train","error.glm.test.0","error.glm.train.0","error.glm.test.1","error.glm.train.1","error.glm.test.2","error.glm.train.2"
"1",0.1,0.0681958762886598,0.0695696985313064,0.0315979381443299,0.0336253542901314,0.0607216494845361,0.061324400927596,0.0440721649484536,0.0441896418448853
"2",0.2,0.0682474226804124,0.0692520775623269,0.0316494845360825,0.0341428847516588,0.0607216494845361,0.0615216130902532,0.0441237113402062,0.0428396572827417
"3",0.3,0.0682989690721649,0.071465383954647,0.0316494845360825,0.0336282425700052,0.0607731958762887,0.0636918055316956,0.0441752577319588,0.0456107198075932
"4",0.4,0.0684536082474227,0.0703817039780963,0.0315979381443299,0.0329843775165083,0.0610309278350515,0.0629408922531809,0.0442783505154639,0.0448381381865035
"5",0.5,0.0684536082474227,0.0703259889189537,0.0316494845360825,0.0330627496456642,0.0609278350515464,0.0629042649143152,0.0443298969072165,0.0446849632779281
"6",0.6,0.0681958762886598,0.0701799596271958,0.031701030927835,0.0328995404372289,0.0607216494845361,0.0624704720182107,0.0439690721649485,0.044989906798952
"7",0.7,0.0685567010309278,0.0703504638492122,0.0317525773195876,0.0329664261522603,0.0610824742268041,0.062012222058607,0.0442783505154639,0.0457222794875571
"8",0.8,0.068659793814433,0.0705450328565906,0.0318041237113402,0.0328082721298802,0.0611340206185567,0.0626530086329081,0.0443814432989691,0.045628784950393
"9",0.9,0.0684020618556701,0.0705951409468997,0.0316494845360825,0.0331286059929276,0.0609278350515464,0.0626351128863692,0.0442268041237113,0.0454265630145027
