"","size.train","error.glm.test","error.glm.train","error.glm.test.1","error.glm.train.1","error.glm.test.2","error.glm.train.2","error.glm.test.3","error.glm.train.3"
"1",0.5,0.0481527093596059,0.0448193067783045,0.0220443349753695,0.0213630486979006,0.0387931034482759,0.0351536046296866,0.0354679802955665,0.0331219602290217
"2",0.7,0.0479064039408867,0.0445890682028055,0.0219211822660099,0.0214590387406007,0.0387931034482759,0.0347829910733917,0.0350985221674877,0.0329361065916187
"3",0.9,0.0480295566502463,0.0472330528763937,0.0219211822660099,0.0221287365756892,0.0387931034482759,0.0371092413981804,0.0353448275862069,0.0352281277789178
