"","size.train","error.glm.test","error.glm.train","error.glm.test.0","error.glm.train.0","error.glm.test.1","error.glm.train.1","error.glm.test.2","error.glm.train.2"
"1",0.1,0.0712886597938144,0.0693120329811904,0.0337113402061856,0.0338830198402474,0.0633505154639175,0.061453233702654,0.0455154639175258,0.0432878124194795
"2",0.3,0.0694329896907216,0.0705634770657963,0.0320618556701031,0.0327692836282426,0.0622164948453608,0.0633911699020787,0.0445876288659794,0.0449665006012713
"3",0.5,0.0691237113402062,0.071846411544904,0.0318556701030928,0.0341966241463729,0.0618041237113402,0.0641927586651205,0.0445876288659794,0.0453034402783146
"4",0.7,0.069020618556701,0.0717677808864674,0.0318556701030928,0.0338499484611986,0.0617525773195876,0.063760859961714,0.0444329896907217,0.0459247533500221
"5",0.9,0.0691237113402062,0.0719695342810921,0.0319587628865979,0.0336869532849432,0.0618041237113402,0.064224255179029,0.0444845360824742,0.0460278600982119
