"","size.train","error.glm.test","error.glm.train","error.glm.test.0","error.glm.train.0","error.glm.test.1","error.glm.train.1","error.glm.test.2","error.glm.train.2","error.glm.test.3","error.glm.train.3"
"1",0.1,0.0750825082508251,0.071520618556701,0.0292388613861386,0.0274484536082474,0.0418213696369637,0.0389175257731959,0.0599216171617162,0.057860824742268,0.0191831683168317,0.0188144329896907
"2",0.3,0.0740511551155116,0.0712751331843959,0.0291357260726073,0.0280116858566764,0.0415119636963696,0.0378501460732085,0.0587355610561056,0.0567537377556281,0.0187190594059406,0.0199346966832789
"3",0.5,0.0738964521452145,0.0736014436710492,0.0289810231023102,0.02846094354215,0.0412025577557756,0.040061871616396,0.0590449669966997,0.0587006960556845,0.0185643564356436,0.019979376127868
