"","size.train","error.glm.test","error.glm.train","error.glm.test.1","error.glm.train.1","error.glm.test.2","error.glm.train.2","error.glm.test.3","error.glm.train.3","error.glm.test.4","error.glm.train.4"
"1",0.5,0.129888027562446,0.130853994490358,0.0706287683031869,0.0726584022038567,0.0931955211024978,0.0950413223140496,0.0613264427217916,0.0590564738292011,0.034625322997416,0.0349517906336088
"2",0.7,0.129543496985357,0.133255442135039,0.0706287683031869,0.0742836059525274,0.0931955211024978,0.0952527364407822,0.0608096468561585,0.06155454433649,0.0344530577088717,0.0354199975402779
"3",0.9,0.129198966408269,0.131091874312497,0.0701119724375538,0.0725524893586494,0.0930232558139535,0.0941699746520637,0.0608096468561585,0.0602133052752403,0.0344530577088717,0.0352479793390406
