"","size.train","error.glm.test","error.glm.train","error.glm.test.1","error.glm.train.1","error.glm.test.2","error.glm.train.2","error.glm.test.3","error.glm.train.3"
"1",0.1,0.0586567702695737,0.0443127656833698,0.0293283851347869,0.0189359783588819,0.0441729807741869,0.0372278758212031,0.0438121746301737,0.0324616771866546
"2",0.3,0.0520591722076182,0.0455248239134169,0.0262357610432452,0.020615014602302,0.038812432348848,0.0354320563477066,0.0390701510231431,0.0350025768768253
"3",0.5,0.0507705788361425,0.0467465532792166,0.0249471676717695,0.0215436155134648,0.0380908200608216,0.0367993815229996,0.0385031699396938,0.0351501095219688
