"","size.train","error.glm.test","error.glm.train","error.glm.test.0","error.glm.train.0","error.glm.test.1","error.glm.train.1","error.glm.test.2","error.glm.train.2"
"1",0.1,0.071340206185567,0.0655758825045091,0.0332474226804124,0.0319505282143777,0.0635567010309278,0.0579747487760886,0.0458762886597938,0.0412264880185519
"2",0.3,0.0678350515463918,0.067814808452156,0.0307216494845361,0.0307507301151005,0.0606185567010309,0.0612008246005841,0.0443298969072165,0.0436780621886274
"3",0.5,0.0681958762886598,0.0697075119185672,0.0314948453608247,0.032521582270326,0.060979381443299,0.0621053987888159,0.0439175257731959,0.0447880427779925
