"","size.train","error.glm.test","error.glm.train","error.glm.test.0","error.glm.train.0","error.glm.test.1","error.glm.train.1","error.glm.test.2","error.glm.train.2","error.glm.test.3","error.glm.train.3"
"1",0.5,0.0706474190726159,0.0679494888755262,0.0256999125109361,0.0240529164161155,0.039588801399825,0.038102006231892,0.0583989501312336,0.0548843820040453,0.0176071741032371,0.0188596730989996
"2",0.7,0.0699912510936133,0.0683717297930496,0.0252624671916011,0.0234673955486138,0.0390419947506562,0.0390862944162437,0.0581802274715661,0.0564623194064818,0.0174978127734033,0.0177274502147599
"3",0.9,0.0699912510936133,0.0689403832720867,0.0252624671916011,0.0234458043550885,0.0391513560804899,0.0405138640021867,0.0580708661417323,0.0561241534303155,0.0174978127734033,0.0177969447565827
