"","size.train","error.glm.test","error.glm.train","error.glm.test.1","error.glm.train.1","error.glm.test.2","error.glm.train.2","error.glm.test.3","error.glm.train.3","error.glm.test.4","error.glm.train.4"
"1",0.5,0.154935911850686,0.153370786516854,0.0885990555430627,0.090561797752809,0.123454013941983,0.118988764044944,0.066561727006971,0.061123595505618,0.0312570272093546,0.0360674157303371
"2",0.7,0.153361816955251,0.147018698338817,0.088149314144367,0.0859481582537517,0.123454013941983,0.11170853061552,0.0649876321115359,0.0631570499959875,0.0301326737126152,0.0332236578123746
"3",0.9,0.153136946255903,0.147493914237563,0.0874747020463234,0.0862617814118969,0.122554531144592,0.113413644591474,0.0652125028108837,0.0616690593595905,0.0310321565100067,0.0336433431121653
