"","size.train","error.glm.test","error.glm.train","error.glm.test.0","error.glm.train.0","error.glm.test.1","error.glm.train.1","error.glm.test.2","error.glm.train.2","error.glm.test.3","error.glm.train.3"
"1",0.5,0.0910521582733813,0.0762921348314607,0.0301258992805755,0.0208988764044944,0.0436151079136691,0.037752808988764,0.072841726618705,0.0661797752808989,0.035521582733813,0.027752808988764
"2",0.7,0.0897032374100719,0.0784109149277689,0.029226618705036,0.02223113964687,0.0427158273381295,0.0388443017656501,0.0723920863309352,0.0673354735152488,0.0350719424460432,0.0284109149277689
"3",0.9,0.089478417266187,0.0777777777777778,0.0285521582733813,0.0230337078651685,0.0424910071942446,0.0385143570536829,0.0726169064748202,0.065605493133583,0.0352967625899281,0.0284019975031211
