"","size.train","error.glm.test","error.glm.train","error.glm.test.0","error.glm.train.0","error.glm.test.1","error.glm.train.1","error.glm.test.2","error.glm.train.2","error.glm.test.3","error.glm.train.3"
"1",0.5,0.0749793729372937,0.0702518755317229,0.0283106435643564,0.0264250174018407,0.0422854785478548,0.0381293665729975,0.0598184818481848,0.0568202325401531,0.0195441419141914,0.0191291345484545
"2",0.7,0.0751340759075908,0.0700659227341362,0.0282075082508251,0.0260560527381873,0.0422854785478548,0.0382646484734652,0.0600247524752475,0.0571207601370014,0.0197504125412541,0.0186903841196185
"3",0.9,0.074773102310231,0.0704086163188725,0.0282590759075908,0.0267827730911903,0.0421307755775578,0.0383552226407528,0.0596637788778878,0.0571174861431374,0.0194925742574257,0.0185617507626645
