"","size.train","error.glm.test","error.glm.train","error.glm.test.0","error.glm.train.0","error.glm.test.1","error.glm.train.1","error.glm.test.2","error.glm.train.2","error.glm.test.3","error.glm.train.3"
"1",0.5,0.0751340759075908,0.0710510711799737,0.0286200495049505,0.0269406274974864,0.0419760726072607,0.0384387326303849,0.0598700495049505,0.0574131841501457,0.0198019801980198,0.0193095980819304
"2",0.7,0.0753403465346535,0.0711891871984679,0.0285684818481848,0.0271793172025191,0.0421823432343234,0.0384119618458366,0.0600763201320132,0.0577100136264869,0.0198535478547855,0.0190770817220933
"3",0.9,0.0751856435643564,0.071010154538033,0.0285169141914191,0.0267254837369846,0.0419760726072607,0.0385843800575758,0.0600247524752475,0.0574468999298205,0.0198535478547855,0.019263545351685
