"","size.train","nrow.train","nrow.test","type.model","type.set","letter.to.test","value.to.test","deviance","error.test","error.train","nb.ok.test","nb.ko.test","nb.ok.train","nb.ko.train"
"1",0.5,13825,6912,"glm","without_location_without_risk_factor","B","0",6132.19787813522,0.064525462962963,0.0612658227848101,6466,446,12978,847
"2",0.5,13825,6912,"glm","without_location_without_risk_factor","B","1",6132.19787813522,0.064525462962963,0.0612658227848101,6466,446,12978,847
"3",0.5,13825,6912,"glm","without_location_without_risk_factor","B","ALL",NA,0.064525462962963,0.0612658227848101,6466,446,12978,847
"4",0.7,19356,6912,"glm","without_location_without_risk_factor","B","0",8631.73435247849,0.064525462962963,0.0615313081215127,6466,446,18165,1191
"5",0.7,19356,6912,"glm","without_location_without_risk_factor","B","1",8631.73435247849,0.064525462962963,0.0615313081215127,6466,446,18165,1191
"6",0.7,19356,6912,"glm","without_location_without_risk_factor","B","ALL",NA,0.064525462962963,0.0615313081215127,6466,446,18165,1191
"7",0.9,24885,6912,"glm","without_location_without_risk_factor","B","0",11437.4332303944,0.064525462962963,0.0640144665461121,6466,446,23292,1593
"8",0.9,24885,6912,"glm","without_location_without_risk_factor","B","1",11437.4332303944,0.064525462962963,0.0640144665461121,6466,446,23292,1593
"9",0.9,24885,6912,"glm","without_location_without_risk_factor","B","ALL",NA,0.064525462962963,0.0640144665461121,6466,446,23292,1593
