"","size.train","error.glm.test","error.glm.train","error.glm.test.0","error.glm.train.0","error.glm.test.1","error.glm.train.1","error.glm.test.2","error.glm.train.2","error.glm.test.3","error.glm.train.3"
"1",0.5,0.0704443678952807,0.0743004735256134,0.0365139510850844,0.0380542402066294,0.0375473647950396,0.0392595781317262,0.0525318635893903,0.0574257425742574,0.0142955563210472,0.0138613861386139
"2",0.7,0.0702721322769549,0.0731197343336818,0.0368584223217361,0.0365906155832975,0.0375473647950396,0.0399114445606051,0.0518429211160868,0.0557776274521862,0.0142955563210472,0.0139597810712748
"3",0.9,0.0697554254219773,0.0733690453414961,0.0363417154667585,0.037497608570882,0.0375473647950396,0.0398412091065621,0.0516706854977609,0.0561985842739621,0.0139510850843955,0.013200688731586
