"","size.train","error.glm.test","error.glm.train","error.glm.test.0","error.glm.train.0","error.glm.test.1","error.glm.train.1","error.glm.test.2","error.glm.train.2"
"1",0.5,0.0982464028776978,0.099438202247191,0.0357464028776978,0.0349438202247191,0.0885791366906475,0.0898876404494382,0.0721672661870504,0.0740449438202247
"2",0.7,0.0975719424460432,0.100248816116863,0.0348471223021583,0.0365197848944538,0.0879046762589928,0.0896540653342965,0.0723920863309352,0.0743237820049763
"3",0.9,0.0973471223021583,0.100068668456208,0.0346223021582734,0.0360197265746926,0.0876798561151079,0.0900181035020913,0.0723920863309352,0.0740995068356327
