"","size.train","error.glm.test","error.glm.train","error.glm.test.0","error.glm.train.0","error.glm.test.1","error.glm.train.1","error.glm.test.2","error.glm.train.2"
"1",0.5,0.0690490924092409,0.070715924617804,0.0333642739273927,0.0326896800639357,0.0608498349834984,0.0626724071257315,0.0438840759075908,0.0460697620459409
"2",0.7,0.069203795379538,0.0711352545806095,0.0335189768976898,0.0323358806739711,0.0610045379537954,0.0636221342417825,0.0438840759075908,0.0463124942454654
"3",0.9,0.069203795379538,0.0704669149240905,0.0334158415841584,0.032225723288456,0.0610045379537954,0.0631337725580063,0.0439872112211221,0.0455743340017187
