"","size.train","error.glm.test","error.glm.train","error.glm.test.1","error.glm.train.1","error.glm.test.2","error.glm.train.2","error.glm.test.3","error.glm.train.3","error.glm.test.4","error.glm.train.4"
"1",0.5,0.111789060797559,0.111934201209216,0.0597079973850512,0.0618497739528297,0.0835149269993463,0.081213573724059,0.0514273262148616,0.0511465766109265,0.0289278709958597,0.0296584781306171
"2",0.6,0.111571148398344,0.111433888611502,0.059816953584659,0.0612092052108393,0.0832425365003269,0.0805909854296219,0.05126389191545,0.0519495256683764,0.0288189147962519,0.0291180609141664
"3",0.7,0.111026367400305,0.113838851495934,0.0593811287862279,0.0613157997120959,0.0828611898016997,0.0826751741041902,0.0510459795162345,0.0533984359802358,0.028764436696448,0.0302882931953468
"4",0.8,0.111189801699717,0.111714441342684,0.0592176944868163,0.0609893102743923,0.0828611898016997,0.0816197998229727,0.0513728481150577,0.0511676993259345,0.0289278709958597,0.0296520732620685
"5",0.9,0.111407714098932,0.11296374750348,0.0593811287862279,0.0608545663620408,0.0831335803007191,0.0823397688071174,0.0514818043146655,0.0525328330206379,0.0288189147962519,0.030200326817164
