"","size.train","error.glm.test","error.glm.train","error.glm.test.0","error.glm.train.0","error.glm.test.1","error.glm.train.1"
"1",0.5,0.069278441788402,0.070819962376895,0.069278441788402,0.070819962376895,0.069278441788402,0.070819962376895
"2",0.7,0.0690571049136786,0.0734271261460639,0.0690571049136786,0.0734271261460639,0.0690571049136786,0.0734271261460639
"3",0.9,0.0690571049136786,0.0738304542939694,0.0690571049136786,0.0738304542939694,0.0690571049136786,0.0738304542939694
