"","size.train","error.glm.test","error.glm.train","error.glm.test.0","error.glm.train.0","error.glm.test.1","error.glm.train.1"
"1",0.5,0.0594860579551668,0.0622129892849333,0.0594860579551668,0.0622129892849333,0.0594860579551668,0.0622129892849333
"2",0.7,0.0594860579551668,0.0619704010308876,0.0594860579551668,0.0619704010308876,0.0594860579551668,0.0619704010308876
"3",0.9,0.0593767085839256,0.0621412300683371,0.0593767085839256,0.0621412300683371,0.0593767085839256,0.0621412300683371
