"","size.train","error.glm.test","error.glm.train","error.glm.test.0","error.glm.train.0","error.glm.test.1","error.glm.train.1","error.glm.test.2","error.glm.train.2"
"1",0.5,0.069020618556701,0.0719494910449684,0.0314948453608247,0.0335523772709702,0.061701030927835,0.0639608297899755,0.0448453608247423,0.0463857750289911
"2",0.7,0.0689690721649485,0.0710131055809159,0.0314432989690722,0.0339051686055073,0.061701030927835,0.0629509645118539,0.0447938144329897,0.0451700780444706
"3",0.9,0.0688144329896907,0.0716975189336998,0.031340206185567,0.0333433549513952,0.0616494845360825,0.063966556428868,0.044639175257732,0.0460851264871365
