"","size.train","error.glm.test","error.glm.train","error.glm.test.0","error.glm.train.0","error.glm.test.1","error.glm.train.1"
"1",0.5,0.0636413340623291,0.059643560026241,0.0636413340623291,0.059643560026241,0.0636413340623291,0.059643560026241
"2",0.7,0.0636413340623291,0.0588855480495138,0.0636413340623291,0.0588855480495138,0.0636413340623291,0.0588855480495138
"3",0.9,0.0637506834335703,0.0605315110098709,0.0637506834335703,0.0605315110098709,0.0637506834335703,0.0605315110098709
