"","size.train","error.glm.test","error.glm.train","error.glm.test.1","error.glm.train.1","error.glm.test.2","error.glm.train.2","error.glm.test.3","error.glm.train.3","error.glm.test.4","error.glm.train.4"
"1",0.5,0.0661498708010336,0.0606921487603306,0.0285960378983635,0.0278064738292011,0.036520241171404,0.0339187327823691,0.0466838931955211,0.0428719008264463,0.0204995693367786,0.0167871900826446
"2",0.7,0.0664944013781223,0.0633339482260346,0.0282515073212748,0.0288999569575109,0.037037037037037,0.0362786693721946,0.0472006890611542,0.0431654676258993,0.0204995693367786,0.0183238024964644
"3",0.9,0.0656330749354005,0.0599770422804668,0.0280792420327304,0.0277884063516357,0.0361757105943152,0.0336713219820165,0.0465116279069767,0.0407021235890568,0.0204995693367786,0.0177922326382246
