"","size.train","error.glm.test","error.glm.train","error.glm.test.1","error.glm.train.1","error.glm.test.2","error.glm.train.2","error.glm.test.3","error.glm.train.3","error.glm.test.4","error.glm.train.4"
"1",0.2,0.0700515463917526,0.0668453331958975,0.0348453608247423,0.0332422821213214,0.0419587628865979,0.0396845848580116,0.0470618556701031,0.0443230428284286,0.0162371134020619,0.0164407565840334
"2",0.3,0.0695360824742268,0.0693031885651457,0.0347422680412371,0.0342221000549753,0.0417010309278351,0.0406129741616273,0.0467525773195876,0.04652281473337,0.0158762886597938,0.0172484881803189
"3",0.4,0.0694329896907216,0.0695768695562542,0.0346907216494845,0.0343761274029789,0.0417010309278351,0.0420553522651136,0.046701030927835,0.0466938102355306,0.0157731958762887,0.0160284492088852
"4",0.5,0.0695876288659794,0.0697439492021606,0.0347938144329897,0.0351709066919556,0.0417525773195876,0.0417474126912135,0.0468041237113402,0.0460767740073393,0.0158247422680412,0.0164928050138127
"5",0.6,0.0695360824742268,0.0688576975277888,0.0348453608247423,0.0343257683783737,0.0418041237113402,0.0411806140154964,0.046701030927835,0.0458020512996719,0.0157216494845361,0.0164069613620355
"6",0.7,0.0693814432989691,0.0697256622833498,0.034639175257732,0.0348260171700364,0.0416494845360825,0.0416145135401788,0.046701030927835,0.0463119763212534,0.0157731958762887,0.016698817535231
"7",0.8,0.0694845360824742,0.0685616358927444,0.0347422680412371,0.0339780180133747,0.0417525773195876,0.0406653867463825,0.046701030927835,0.0459611642979551,0.0157731958762887,0.0165187027277764
