"","size.train","error.glm.test","error.glm.train","error.glm.test.0","error.glm.train.0","error.glm.test.1","error.glm.train.1","error.glm.test.2","error.glm.train.2","error.glm.test.3","error.glm.train.3"
"1",0.5,0.0414033558509479,0.0412604172340541,0.0117672695576378,0.0132360150334986,0.0264763565046851,0.026009041886813,0.0343212028764437,0.0339343101476115,0.0102418827631292,0.00934146740018519
"2",0.6,0.0414033558509479,0.0425536743679361,0.011712791457834,0.0124824111479279,0.0264218784048812,0.0266442739775771,0.0343212028764437,0.0355635241250965,0.010350838962737,0.0104171394852708
"3",0.7,0.0410764872521246,0.0422332457932108,0.0114948790586184,0.0124890574846805,0.0262584441054696,0.0261647699640113,0.0341032904772282,0.0351133158253088,0.0102963608629331,0.010699348312421
"4",0.8,0.041348877751144,0.0422822904609519,0.011712791457834,0.0126472390549466,0.0264763565046851,0.0266051610267584,0.0341032904772282,0.0350820453462246,0.0104053170625409,0.0102301354939743
"5",0.9,0.0412943996513402,0.0425013617381831,0.0116583133580301,0.0125431217091327,0.0264763565046851,0.0267959813593173,0.0341032904772282,0.0353900623373479,0.010350838962737,0.0102735580705683
