"","size.train","error.glm.test","error.glm.train","error.glm.test.0","error.glm.train.0","error.glm.test.1","error.glm.train.1","error.glm.test.2","error.glm.train.2"
"1",0.5,0.0126840955535198,0.0121534505231268,0.00796279331970967,0.00644661288618029,0.0110633500105701,0.011202310916969,0.00634204777675992,0.00665797724310424
"2",0.7,0.0124726939609612,0.0123043631422676,0.00775139172715101,0.0066680086558301,0.0108519484180114,0.011323033566504,0.00634204777675992,0.0066176840622012
"3",0.9,0.0122612923684025,0.0124664853122493,0.00753999013459235,0.00673229348102628,0.0106405468254528,0.0113313893183553,0.00634204777675992,0.00686928782511693
