"","size.train","error.glm.test","error.glm.train","error.glm.test.0","error.glm.train.0","error.glm.test.1","error.glm.train.1","error.glm.test.2","error.glm.train.2","error.glm.test.3","error.glm.train.3"
"1",0.1,0.0754639175257732,0.0689255346560165,0.030360824742268,0.0260242205617109,0.0405670103092784,0.0367173408915228,0.0587628865979381,0.0564287554753929,0.0212371134020619,0.0186807523834063
"2",0.3,0.0732989690721649,0.0703886622289027,0.0288144329896907,0.0262830148164054,0.0394845360824742,0.0384367618638609,0.0574742268041237,0.0574618853339059,0.0208247422680412,0.0185956624436332
"3",0.5,0.0720103092783505,0.0718721814199201,0.0282989690721649,0.0272645277670403,0.0391752577319588,0.0386548125241593,0.0563917525773196,0.0582656874114161,0.0201546391752577,0.0195593351372246
