"","size.train","error.glm.test","error.glm.train","error.glm.test.0","error.glm.train.0","error.glm.test.1","error.glm.train.1","error.glm.test.2","error.glm.train.2","error.glm.test.3","error.glm.train.3"
"1",0.1,0.075979381443299,0.0720175212574079,0.0306701030927835,0.0275702138624066,0.0402061855670103,0.0378768358670446,0.0592783505154639,0.0596495748518423,0.0218041237113402,0.0189384179335223
"2",0.3,0.0734020618556701,0.0736096199269916,0.0291752577319588,0.0280867511273352,0.0396907216494845,0.0399398754563023,0.0575257731958763,0.0595232982606828,0.0204123711340206,0.0196693150096629
"3",0.5,0.0725773195876289,0.074036850921273,0.028659793814433,0.0284241721427651,0.0393298969072165,0.0398402267749001,0.0569072164948454,0.0599922690374952,0.0202577319587629,0.0198170338873856
