"","size.train","error.glm.test","error.glm.train","error.glm.test.0","error.glm.train.0","error.glm.test.1","error.glm.train.1"
"1",0.5,0.0582667849748595,0.0612939001848429,0.0582667849748595,0.0612939001848429,0.0582667849748595,0.0612939001848429
"2",0.7,0.0576752440106477,0.0597834697649855,0.0576752440106477,0.0597834697649855,0.0576752440106477,0.0597834697649855
"3",0.9,0.0578231292517007,0.0596837132881495,0.0578231292517007,0.0596837132881495,0.0578231292517007,0.0596837132881495
