"","size.train","error.glm.test","error.glm.train","error.glm.test.1","error.glm.train.1","error.glm.test.2","error.glm.train.2","error.glm.test.3","error.glm.train.3"
"1",0.5,0.0526261532910675,0.0499420177812138,0.0264934797175403,0.0249194691405747,0.0391732384928612,0.0382167246488855,0.0395855883717334,0.0367478417729674
"2",0.7,0.0525746095562084,0.0490363907449335,0.0264934797175403,0.0237635061755665,0.0391216947580022,0.0381578220774201,0.0395340446368744,0.0361514532368804
"3",0.9,0.0525746095562084,0.0502090253121063,0.0264934797175403,0.024009277287825,0.0391216947580022,0.0389273851792464,0.0395340446368744,0.0374813881571412
