"","size.train","error.glm.test","error.glm.train","error.glm.test.1","error.glm.train.1","error.glm.test.2","error.glm.train.2","error.glm.test.3","error.glm.train.3"
"1",0.1,0.0580382454512654,0.0513976555455365,0.0292252976650688,0.0229292799175576,0.0423689500541209,0.0419940744557516,0.0444822431833411,0.0378719567177637
"2",0.3,0.0528838719653626,0.048531180209586,0.0265450234523994,0.0224617763270916,0.0393278696974383,0.0371929221783199,0.0398948507808876,0.0374076619137605
"3",0.5,0.0523168908819133,0.0499162479061977,0.0261842173083862,0.0235794356397371,0.0389155198185661,0.0386548125241593,0.0395340446368744,0.0375982476484989
