"","size.train","error.glm.test","error.glm.train","error.glm.test.1","error.glm.train.1","error.glm.test.2","error.glm.train.2","error.glm.test.3","error.glm.train.3","error.glm.test.4","error.glm.train.4"
"1",0.5,0.131266149870801,0.129993112947658,0.07114556416882,0.0720557851239669,0.0945736434108527,0.0940943526170799,0.062015503875969,0.059228650137741,0.0347975882859604,0.0346074380165289
"2",0.7,0.130404823428079,0.132702004673472,0.0713178294573643,0.0739761406961013,0.0938845822566753,0.0946992989792153,0.0611541774332472,0.0614930512852048,0.0344530577088717,0.0352355183864223
"3",0.9,0.129371231696813,0.131617963556363,0.0704565030146426,0.0724090104739586,0.0931955211024978,0.0935004065235066,0.0609819121447028,0.0617915730068392,0.0341085271317829,0.0355349371084222
