"","size.train","error.glm.test","error.glm.train","error.glm.test.0","error.glm.train.0","error.glm.test.1","error.glm.train.1","error.glm.test.2","error.glm.train.2"
"1",0.1,0.0720103092783505,0.0687967018809585,0.0337113402061856,0.0333676887400155,0.0640721649484536,0.06106673537748,0.0462371134020619,0.0431589796444215
"2",0.3,0.0693298969072165,0.0706493729599725,0.0319072164948454,0.0328551795224188,0.0621134020618557,0.0634770657962549,0.044639175257732,0.0449665006012713
"3",0.5,0.0690721649484536,0.0718721814199201,0.0318041237113402,0.034222394021389,0.0618041237113402,0.0642185285401366,0.0445360824742268,0.0453034402783146
