"","size.train","error.glm.test","error.glm.train","error.glm.test.1","error.glm.train.1","error.glm.test.2","error.glm.train.2","error.glm.test.3","error.glm.train.3","error.glm.test.4","error.glm.train.4"
"1",0.5,0.129845360824742,0.129339002705837,0.0707731958762887,0.0703259889189537,0.0934536082474227,0.0949877593093674,0.0623711340206186,0.0601211184125757,0.0330927835051546,0.033243138770777
"2",0.6,0.130257731958763,0.131359116971246,0.0712371134020619,0.0719178817617626,0.094020618556701,0.0956686065239333,0.0623711340206186,0.0613739343311787,0.0328865979381443,0.0337578113256169
"3",0.7,0.13,0.129838576082755,0.0706701030927835,0.0709749857350586,0.0937628865979381,0.0947376171105671,0.0622164948453608,0.060906698080215,0.0333505154639175,0.0330578512396694
"4",0.8,0.13,0.130731691603988,0.0707731958762887,0.0706888498767898,0.0939690721649485,0.0948638245099776,0.0620618556701031,0.0619111275749328,0.0331958762886598,0.0339995812462755
"5",0.9,0.130051546391753,0.13025053686471,0.0706701030927835,0.0703221188260558,0.0939175257731959,0.0943593414459556,0.0621649484536082,0.0619470293486042,0.0333505154639175,0.0338725841088046
