"","size.train","error.glm.test","error.glm.train","error.glm.test.0","error.glm.train.0","error.glm.test.1","error.glm.train.1","error.glm.test.2","error.glm.train.2"
"1",0.1,0.0702061855670103,0.066477711929915,0.0327319587628866,0.0320793609894357,0.0624742268041237,0.0591342437516104,0.0452061855670103,0.0417418191187838
"2",0.3,0.0679381443298969,0.0679007043463322,0.0307216494845361,0.0308366260092768,0.0608247422680412,0.0612008246005841,0.0443298969072165,0.0437639580828036
"3",0.5,0.0679896907216495,0.0695271227934545,0.0311340206185567,0.0324185027702616,0.0608762886597938,0.0620023192887514,0.0439690721649485,0.0446334235278959
