"","size.train","error.glm.test","error.glm.train","error.glm.test.0","error.glm.train.0","error.glm.test.1","error.glm.train.1"
"1",0.1,0.0677284676047626,0.0633938925396212,0.0677284676047626,0.0633938925396212,0.0677284676047626,0.0633938925396212
"2",0.3,0.0654089995361064,0.0642071808967531,0.0654089995361064,0.0642071808967531,0.0654089995361064,0.0642071808967531
"3",0.5,0.0645842997783619,0.0648902175033502,0.0645842997783619,0.0648902175033502,0.0645842997783619,0.0648902175033502
