"","size.train","error.glm.test","error.glm.train","error.glm.test.1","error.glm.train.1","error.glm.test.2","error.glm.train.2","error.glm.test.3","error.glm.train.3","error.glm.test.4","error.glm.train.4"
"1",0.5,0.132577319587629,0.133797191083623,0.0722680412371134,0.0730833655456771,0.0963917525773196,0.0984409225615256,0.0627319587628866,0.0617703904136065,0.0337628865979381,0.0342997036464373
"2",0.7,0.132731958762887,0.133206942885015,0.072319587628866,0.0728340297078908,0.0964432989690722,0.0976826372655488,0.0628350515463918,0.0619006423825213,0.0338659793814433,0.0339965764140698
"3",0.9,0.132731958762887,0.134316392269148,0.0725773195876289,0.0730565497494631,0.0965463917525773,0.097680744452398,0.0625773195876289,0.0629778095919828,0.0337628865979381,0.0349176807444524
