"","size.train","error.glm.test","error.glm.train","error.glm.test.1","error.glm.train.1","error.glm.test.2","error.glm.train.2","error.glm.test.3","error.glm.train.3","error.glm.test.4","error.glm.train.4"
"1",0.5,0.0633136094674556,0.0631329932727138,0.0251479289940828,0.0283137428846012,0.0365384615384615,0.0328971686257115,0.0443786982248521,0.0439121756487026,0.0205621301775148,0.0211428993864124
"2",0.7,0.0628698224852071,0.0610380695918475,0.0247041420118343,0.0267701568192618,0.036094674556213,0.0322086699403348,0.0445266272189349,0.0428744917894292,0.020414201183432,0.0202228206346692
"3",0.9,0.0630177514792899,0.060990635781173,0.025,0.026901593560046,0.036094674556213,0.0331033349761787,0.0443786982248521,0.0424675538031871,0.0205621301775148,0.0195087892229341
