"","size.train","error.glm.test","error.glm.train","error.glm.test.0","error.glm.train.0","error.glm.test.1","error.glm.train.1","error.glm.test.2","error.glm.train.2"
"1",0.5,0.0532299741602067,0.0566508824795523,0.034625322997416,0.035729659922514,0.0451335055986219,0.0482996125699526,0.0267011197243755,0.029272492466638
"2",0.7,0.0523686477174849,0.0598327389005042,0.0342807924203273,0.0380027056942565,0.0446167097329888,0.0512852047718608,0.0258397932816537,0.0303775673348912
"3",0.9,0.0530577088716624,0.0584465276449206,0.0351421188630491,0.0375932657356036,0.0451335055986219,0.0500765257317773,0.0258397932816537,0.0292232638224603
