"","size.train","error.glm.test","error.glm.train","error.glm.test.0","error.glm.train.0","error.glm.test.1","error.glm.train.1","error.glm.test.2","error.glm.train.2"
"1",0.1,0.070360824742268,0.0659623808296831,0.0327835051546392,0.0313063643390879,0.0625773195876289,0.0582324143262046,0.045360824742268,0.0423859829940737
"2",0.2,0.069639175257732,0.0680925078915158,0.0316494845360825,0.0333054177671842,0.0623711340206186,0.0604264639567094,0.0452577319587629,0.0424531340591381
"3",0.3,0.0692783505154639,0.0713794880604707,0.0316494845360825,0.0327692836282426,0.0619072164948454,0.0629187424841093,0.045,0.0470709500085896
"4",0.4,0.0685051546391753,0.0694475760992108,0.0313917525773196,0.0326622644548236,0.0611855670103093,0.0613625382509261,0.0444329896907217,0.0448703494926719
"5",0.5,0.0686082474226804,0.0703259889189537,0.0316494845360825,0.0326504316454065,0.0611855670103093,0.0621569385388481,0.0443814432989691,0.0458446076536529
"6",0.6,0.068659793814433,0.0706738822316712,0.0314948453608247,0.0326633165829146,0.0612886597938144,0.0631147188936134,0.0445360824742268,0.0455697289868144
"7",0.7,0.0685051546391753,0.0698902959799735,0.0314948453608247,0.0317331762627006,0.0611340206185567,0.0621778824915329,0.0443814432989691,0.0458695332057134
"8",0.8,0.0684020618556701,0.0704000773096251,0.0312371134020619,0.032518361035949,0.0611340206185567,0.0626046901172529,0.0444329896907217,0.0456771034660482
"9",0.9,0.0685051546391753,0.0699652106687283,0.0314432989690722,0.0325845752981431,0.0612371134020619,0.0621340319832782,0.0443298969072165,0.0452118140560352
