"","size.train","error.glm.test","error.glm.train","error.glm.test.1","error.glm.train.1","error.glm.test.2","error.glm.train.2","error.glm.test.3","error.glm.train.3"
"1",0.5,0.00415756465365372,0.00341705710360376,0.00211401592558664,0.00183182442667418,0.00331195828341907,0.00281819142565259,0.00288915509830174,0.00218409835488076
"2",0.7,0.00380522866605595,0.00364853303809572,0.00204354872806708,0.00191233455789845,0.00303008949334085,0.00286850183684767,0.00253681911070397,0.00251622968144532
"3",0.9,0.00366429427101684,0.0037771297727851,0.00183214713550842,0.00203534454077539,0.00288915509830174,0.00291602246707243,0.00260728630822352,0.00260289253772237
