"","size.train","error.glm.test","error.glm.train","error.glm.test.0","error.glm.train.0","error.glm.test.1","error.glm.train.1","error.glm.test.2","error.glm.train.2"
"1",0.5,0.0689690721649485,0.0721556500450973,0.0317525773195876,0.0338616157711635,0.0617525773195876,0.064089679165056,0.0444329896907217,0.046360005153975
"2",0.7,0.0688144329896907,0.07125239287292,0.0315979381443299,0.0341812693270505,0.0616494845360825,0.0631350316595494,0.0443814432989691,0.0451884847592402
"3",0.9,0.0688659793814433,0.0719838508783232,0.0316494845360825,0.0337012698821744,0.061701030927835,0.0641097224011797,0.0443814432989691,0.0461567094732924
