"","size.train","error.glm.test","error.glm.train","error.glm.test.1","error.glm.train.1","error.glm.test.2","error.glm.train.2","error.glm.test.3","error.glm.train.3","error.glm.test.4","error.glm.train.4"
"1",0.5,0.132512315270936,0.132610970879764,0.0730295566502463,0.0736932832604814,0.095320197044335,0.0985039709413286,0.0612068965517241,0.0613802868928154,0.0354679802955665,0.0316444006649018
"2",0.7,0.129802955665025,0.129897541884702,0.0708128078817734,0.0720284947891474,0.0931034482758621,0.0948946836110989,0.0607142857142857,0.0616947363792269,0.0349753694581281,0.0311771689899301
"3",0.9,0.130295566502463,0.129621396080577,0.071551724137931,0.0712746673962858,0.0935960591133005,0.0950100892643387,0.0603448275862069,0.0618010191867027,0.0350985221674877,0.0311570163138274
