"","size.train","error.glm.test","error.glm.train","error.glm.test.1","error.glm.train.1","error.glm.test.2","error.glm.train.2","error.glm.test.3","error.glm.train.3","error.glm.test.4","error.glm.train.4"
"1",0.1,0.0766494845360825,0.062475846966379,0.0379381443298969,0.031817596290094,0.0461855670103093,0.0389024861522607,0.0506701030927835,0.0408347288419426,0.0185051546391753,0.0133968826484606
"2",0.3,0.0720618556701031,0.0667811896070432,0.0358247422680412,0.0328537685205068,0.0441237113402062,0.0402834442774318,0.0480412371134021,0.0439338630019326,0.0161340206185567,0.0164913034142152
"3",0.5,0.0715463917525773,0.0649899500077308,0.0353092783505155,0.0311807452455806,0.0439175257731959,0.0391434314281297,0.0478865979381443,0.0436272741328661,0.015979381443299,0.0160284492088852
