"","size.train","error.glm.test","error.glm.train","error.glm.test.1","error.glm.train.1","error.glm.test.2","error.glm.train.2","error.glm.test.3","error.glm.train.3","error.glm.test.4","error.glm.train.4"
"1",0.5,0.126640419947507,0.127043131252392,0.0655074365704287,0.066200185863445,0.0873797025371829,0.0891597878970098,0.0645231846019248,0.0646148800087465,0.0358705161854768,0.0341114087355819
"2",0.7,0.126093613298338,0.128231159703241,0.0656167979002625,0.0667707926591175,0.0869422572178478,0.0912143693869582,0.0640857392825897,0.0641546270987895,0.0355424321959755,0.0343225302616166
"3",0.9,0.126531058617673,0.129468217572205,0.0657261592300962,0.0668752087952137,0.0874890638670166,0.0924469280529657,0.0641951006124235,0.0649315151699213,0.0356517935258093,0.0346827831263097
