"","size.train","error.glm.test","error.glm.train","error.glm.test.0","error.glm.train.0","error.glm.test.1","error.glm.train.1","error.glm.test.2","error.glm.train.2"
"1",0.5,0.069020618556701,0.0717433320448396,0.0313917525773196,0.0333719881458575,0.0619072164948454,0.0638062105398789,0.0447422680412371,0.0463084654039428
"2",0.7,0.0690721649484536,0.0708658518627595,0.0314948453608247,0.0337395081725814,0.0619072164948454,0.0629325577970844,0.0447422680412371,0.0450596377558533
"3",0.9,0.0687628865979381,0.0718120517115492,0.0312886597938144,0.033414937937551,0.0617525773195876,0.0640954058039485,0.0444845360824742,0.0461137596815989
