"","size.train","error.glm.test","error.glm.train","error.glm.test.0","error.glm.train.0","error.glm.test.1","error.glm.train.1","error.glm.test.2","error.glm.train.2"
"1",0.5,0.0685695538057743,0.0647242114470016,0.0328083989501312,0.0290821625758487,0.0616797900262467,0.0578363308369322,0.0426509186351706,0.0425299294812223
"2",0.7,0.068678915135608,0.0654041390081999,0.0328083989501312,0.0274111675126904,0.0617891513560805,0.0592737212026552,0.0427602799650044,0.0441233893010543
"3",0.9,0.0684601924759405,0.0643848513378079,0.0324803149606299,0.0275457830959395,0.0616797900262467,0.0583715491845598,0.0427602799650044,0.0428523703951165
