"","size.train","error.glm.test","error.glm.train","error.glm.test.1","error.glm.train.1","error.glm.test.2","error.glm.train.2","error.glm.test.3","error.glm.train.3","error.glm.test.4","error.glm.train.4"
"1",0.5,0.0723015832087051,0.0694251095643207,0.0357382290753442,0.0346996648620779,0.0420813779588469,0.0410415055426656,0.0494559331648703,0.0462232534158288,0.0173276262183487,0.0168857953080691
"2",0.7,0.072146872260327,0.0668606257020274,0.0356350884430922,0.0329975877879463,0.0419782373265948,0.0407682250906881,0.0494559331648703,0.0442484394276981,0.0172244855860966,0.0157069990977222
"3",0.9,0.072250012892579,0.0682726322272031,0.0356350884430922,0.0336708534437077,0.0420298076427209,0.0413903727997938,0.0494559331648703,0.0450854303023359,0.0173791965344748,0.0163986079085688
