"","size.train","error.glm.test","error.glm.train","error.glm.test.0","error.glm.train.0","error.glm.test.1","error.glm.train.1","error.glm.test.2","error.glm.train.2","error.glm.test.3","error.glm.train.3"
"1",0.5,0.0728865979381443,0.0725937379203711,0.029020618556701,0.028166473392604,0.0392783505154639,0.0382682643989177,0.0571649484536082,0.058729545161706,0.0203092783505155,0.0200231928875145
"2",0.7,0.0728350515463917,0.0731850979237226,0.0288659793814433,0.0286960683257252,0.0394329896907216,0.0391878957443675,0.0570618556701031,0.0596929759976439,0.0203092783505155,0.0187932557797084
"3",0.9,0.0729381443298969,0.0724838940586972,0.029020618556701,0.0273299928418039,0.0393814432989691,0.0397995705082319,0.0571649484536082,0.0588690050107373,0.0203092783505155,0.0189692197566213
