"","size.train","error.glm.test","error.glm.train","error.glm.test.1","error.glm.train.1","error.glm.test.2","error.glm.train.2","error.glm.test.3","error.glm.train.3","error.glm.test.4","error.glm.train.4"
"1",0.5,0.0336833204143471,0.0294501003980695,0.0197308153054753,0.0171205129108395,0.025156789514481,0.0217705287631662,0.01423437389895,0.0121534505231268,0.00824466210978789,0.00785570859900659
"2",0.7,0.0332605172292298,0.029867646318756,0.0194489465153971,0.0172613356147149,0.0249453879219223,0.0217150621508731,0.0140934395039109,0.0125056615167833,0.00803326051722923,0.00825323335514066
"3",0.9,0.0328377140441125,0.0296494901853338,0.0191670777253189,0.0170264399084095,0.0245930519343246,0.0214494001604791,0.0139525051088718,0.0126034796563399,0.00796279331970967,0.00821966064543907
