"","size.train","error.glm.test","error.glm.train","error.glm.test.1","error.glm.train.1","error.glm.test.2","error.glm.train.2","error.glm.test.3","error.glm.train.3"
"1",0.5,0.0527807844956446,0.0496843190310527,0.0265450234523994,0.0247906197654941,0.0392763259625792,0.0380363355237727,0.0397402195763105,0.0365416827728385
"2",0.7,0.0527292407607855,0.0489259484234359,0.0265450234523994,0.0237450991219835,0.0392247822277202,0.0380473797559225,0.0396886758414515,0.0360594179689657
"3",0.9,0.0527807844956446,0.0500801740923147,0.0265965671872584,0.0238517924636353,0.0392247822277202,0.0387412667506586,0.0397402195763105,0.0375672889703356
