"","size.train","error.glm.test","error.glm.train","error.glm.test.0","error.glm.train.0","error.glm.test.1","error.glm.train.1"
"1",0.5,0.0630379877325911,0.0620296876610659,0.0630379877325911,0.0620296876610659,0.0630379877325911,0.0620296876610659
"2",0.7,0.0630895314674501,0.0619949564673183,0.0630895314674501,0.0619949564673183,0.0630895314674501,0.0619949564673183
"3",0.9,0.0630895314674501,0.0630655136868629,0.0630895314674501,0.0630655136868629,0.0630895314674501,0.0630655136868629
