"","size.train","error.glm.test","error.glm.train","error.glm.test.0","error.glm.train.0","error.glm.test.1","error.glm.train.1"
"1",0.5,0.0631155571597999,0.0633958956378261,0.0631155571597999,0.0633958956378261,0.0631155571597999,0.0633958956378261
"2",0.7,0.0629092971690816,0.0624079257513259,0.0629092971690816,0.0624079257513259,0.0629092971690816,0.0624079257513259
"3",0.9,0.0629092971690816,0.062461507612541,0.0629092971690816,0.062461507612541,0.0629092971690816,0.062461507612541
