"","size.train","error.glm.test","error.glm.train","error.glm.test.0","error.glm.train.0","error.glm.test.1","error.glm.train.1"
"1",0.1,0.0422727025113036,0.0409858387799564,0.0422727025113036,0.0409858387799564,0.0422727025113036,0.0409858387799564
"2",0.2,0.042109277114997,0.0448015251583033,0.042109277114997,0.0448015251583033,0.042109277114997,0.0448015251583033
"3",0.3,0.0420003268507926,0.0435749625527666,0.0420003268507926,0.0435749625527666,0.0420003268507926,0.0435749625527666
"4",0.4,0.0420003268507926,0.044222782052155,0.0420003268507926,0.044222782052155,0.0420003268507926,0.044222782052155
"5",0.5,0.0420003268507926,0.0431952501566032,0.0420003268507926,0.0431952501566032,0.0420003268507926,0.0431952501566032
"6",0.6,0.0420003268507926,0.0444620971402633,0.0420003268507926,0.0444620971402633,0.0420003268507926,0.0444620971402633
"7",0.7,0.0420003268507926,0.0441591284894466,0.0420003268507926,0.0441591284894466,0.0420003268507926,0.0441591284894466
"8",0.8,0.0420003268507926,0.0435937154237663,0.0420003268507926,0.0435937154237663,0.0420003268507926,0.0435937154237663
"9",0.9,0.0420003268507926,0.0436677258284158,0.0420003268507926,0.0436677258284158,0.0420003268507926,0.0436677258284158
