"","size.train","error.glm.test","error.glm.train","error.glm.test.0","error.glm.train.0","error.glm.test.1","error.glm.train.1","error.glm.test.2","error.glm.train.2"
"1",0.1,0.0678865979381443,0.0691832002061324,0.0312886597938144,0.0332388559649575,0.0604639175257732,0.06106673537748,0.044020618556701,0.0440608090698274
"2",0.2,0.0678865979381443,0.0689299748759905,0.0312886597938144,0.0338207820653224,0.0604639175257732,0.0613927720157186,0.044020618556701,0.0426463956709399
"3",0.3,0.0681958762886598,0.069489778388593,0.0315463917525773,0.0308795739563649,0.0606701030927835,0.0613296684418485,0.0441752577319588,0.0467703143789727
"4",0.4,0.0681443298969072,0.0709937187952971,0.031340206185567,0.0335963923337091,0.0607731958762887,0.0629731035593493,0.0441752577319588,0.0454179416975358
"5",0.5,0.0682474226804124,0.0697075119185672,0.031340206185567,0.0315165571446979,0.0608247422680412,0.0624661770390414,0.0443298969072165,0.0454322896533952
"6",0.6,0.0681958762886598,0.0708027316067517,0.0314432989690722,0.0327706910621483,0.0607731958762887,0.0632650431645407,0.0441752577319588,0.0455697289868144
"7",0.7,0.0681958762886598,0.0702584302753645,0.0314432989690722,0.032082903843322,0.0607731958762887,0.0626196436460021,0.0441752577319588,0.0458143130614048
"8",0.8,0.0684020618556701,0.0707222007473264,0.0315463917525773,0.0327921659579951,0.060979381443299,0.0629590258987244,0.0442783505154639,0.0456932096379333
"9",0.9,0.0681443298969072,0.0702229094188893,0.0314432989690722,0.0328709072427665,0.0606701030927835,0.0623774141362081,0.0441752577319588,0.045197497458804
