"","size.train","error.glm.test","error.glm.train","error.glm.test.0","error.glm.train.0","error.glm.test.1","error.glm.train.1"
"1",0.5,0.0360625374516533,0.0369855925048343,0.0360625374516533,0.0369855925048343,0.0360625374516533,0.0369855925048343
"2",0.6,0.0361170125837555,0.0370849504096593,0.0361170125837555,0.0370849504096593,0.0361170125837555,0.0370849504096593
"3",0.7,0.0361170125837555,0.0364563069021866,0.0361170125837555,0.0364563069021866,0.0361170125837555,0.0364563069021866
"4",0.8,0.0361170125837555,0.0368863620889222,0.0361170125837555,0.0368863620889222,0.0361170125837555,0.0368863620889222
"5",0.9,0.0361170125837555,0.0367069646396635,0.0361170125837555,0.0367069646396635,0.0361170125837555,0.0367069646396635
