"","size.train","error.glm.test","error.glm.train","error.glm.test.0","error.glm.train.0","error.glm.test.1","error.glm.train.1"
"1",0.5,0.0630895314674501,0.0620296876610659,0.0630895314674501,0.0620296876610659,0.0630895314674501,0.0620296876610659
"2",0.7,0.0630379877325911,0.0619029211994036,0.0630379877325911,0.0619029211994036,0.0630379877325911,0.0619029211994036
"3",0.9,0.0630379877325911,0.0629939296758676,0.0630379877325911,0.0629939296758676,0.0630379877325911,0.0629939296758676
