"","size.train","error.glm.test","error.glm.train","error.glm.test.1","error.glm.train.1","error.glm.test.2","error.glm.train.2","error.glm.test.3","error.glm.train.3","error.glm.test.4","error.glm.train.4"
"1",0.1,0.137216494845361,0.133324745588046,0.0741237113402062,0.0753574648975911,0.0997422680412371,0.0993172742496458,0.0656185567010309,0.0600283395594487,0.0349484536082474,0.0319464124694062
"2",0.3,0.13360824742268,0.128929737158564,0.0728350515463917,0.0697045181240337,0.0969587628865979,0.0926387218690947,0.0633505154639175,0.0612437725476722,0.0340721649484536,0.0342724617763271
"3",0.5,0.133247422680412,0.133565262208478,0.0724742268041237,0.0733152944208221,0.0967010309278351,0.0970235794356397,0.063298969072165,0.0626981059141863,0.034020618556701,0.0340935446463085
"4",0.7,0.133041237113402,0.135342082497377,0.0725773195876289,0.0742329142815071,0.0965463917525773,0.0988422389515728,0.0630412371134021,0.0626553037972354,0.0339175257731959,0.0349537079644389
"5",0.9,0.132680412371134,0.134688618468146,0.072319587628866,0.0732712956335004,0.0961340206185567,0.0983392984967788,0.0629896907216495,0.0625340014316392,0.0339175257731959,0.0352326413743737
