"","size.train","error.glm.test","error.glm.train","error.glm.test.1","error.glm.train.1","error.glm.test.2","error.glm.train.2","error.glm.test.3","error.glm.train.3","error.glm.test.4","error.glm.train.4"
"1",0.1,0.133041237113402,0.116063377560222,0.0717010309278351,0.0674996779595517,0.0967525773195876,0.0872085533943063,0.0644845360824742,0.0517841040834729,0.0331443298969072,0.0256344196831122
"2",0.3,0.126030927835052,0.125450953444425,0.0685567010309278,0.0672994330870984,0.0906185567010309,0.0906201683559526,0.0614948453608247,0.0602130218175571,0.0313917525773196,0.0327692836282426
"3",0.5,0.125154639175258,0.124494266202809,0.0682474226804124,0.0681613194176008,0.0910309278350516,0.0898337843061461,0.060360824742268,0.0591676330369798,0.0306701030927835,0.0318257956448911
