"","size.train","error.glm.test","error.glm.train","error.glm.test.1","error.glm.train.1","error.glm.test.2","error.glm.train.2","error.glm.test.3","error.glm.train.3"
"1",0.5,0.0309963501661492,0.0308848762153771,0.0143814348749796,0.0145164365280388,0.023969058124966,0.0249475719693875,0.0236422073323528,0.0223057439333279
"2",0.6,0.0311597755624557,0.0302315024965956,0.0144359100070818,0.0146391284611893,0.0240780083891703,0.0243304584657286,0.0238056327286594,0.0214934180662733
"3",0.7,0.0313232009587623,0.0310481674577854,0.0144359100070818,0.0143374056493658,0.0241869586533747,0.0251731382771769,0.0240235332570681,0.0225857909890281
"4",0.8,0.0309963501661492,0.030861150356614,0.0142724846107752,0.014349668919264,0.0240780083891703,0.0249033993225186,0.0236422073323528,0.0224692324714454
"5",0.9,0.0309963501661492,0.0310031774852474,0.0142724846107752,0.0147072174307762,0.0240780083891703,0.0248600393402935,0.0236422073323528,0.022439098199425
