"","size.train","error.glm.test","error.glm.train","error.glm.test.1","error.glm.train.1","error.glm.test.2","error.glm.train.2","error.glm.test.3","error.glm.train.3"
"1",0.5,0.0627107215104518,0.0657377233397011,0.0332659024499888,0.0333745364647713,0.0433805349516745,0.0518035734352174,0.0487750056192403,0.0462973367794134
"2",0.7,0.0611373342324118,0.0642157649703002,0.0319172847830973,0.0320276127789372,0.0429309957293774,0.0506501846203243,0.0474263879523488,0.0457537325413389
"3",0.9,0.0611373342324118,0.0656136846048196,0.0321420543942459,0.0324010488200774,0.0427062261182288,0.0516294169059808,0.0474263879523488,0.047196903483581
