"","size.train","error.glm.test","error.glm.train","error.glm.test.0","error.glm.train.0","error.glm.test.1","error.glm.train.1"
"1",0.5,0.0701793225592207,0.072361141845541,0.0701793225592207,0.072361141845541,0.0701793225592207,0.072361141845541
"2",0.7,0.0699579366836396,0.0701809847467004,0.0699579366836396,0.0701809847467004,0.0699579366836396,0.0701809847467004
"3",0.9,0.0701793225592207,0.0715515121711335,0.0701793225592207,0.0715515121711335,0.0701793225592207,0.0715515121711335
