"","size.train","error.glm.test","error.glm.train","error.glm.test.0","error.glm.train.0","error.glm.test.1","error.glm.train.1","error.glm.test.2","error.glm.train.2","error.glm.test.3","error.glm.train.3"
"1",0.1,0.0752577319587629,0.0733058490079876,0.0301030927835052,0.0289873743880443,0.040360824742268,0.0381345014171605,0.0588144329896907,0.0602937387271322,0.0212371134020619,0.0191960834836382
"2",0.3,0.0731443298969072,0.0744685419798153,0.0290721649484536,0.0288168348722353,0.0394329896907216,0.0400257676615847,0.0574226804123711,0.0601245436976594,0.020360824742268,0.0199699377281512
"3",0.5,0.0729381443298969,0.0743460894214663,0.029020618556701,0.0288622600180389,0.0393814432989691,0.0399175363999485,0.0571649484536082,0.0599664991624791,0.0203092783505155,0.0199458832624662
