"","size.train","error.glm.test","error.glm.train","error.glm.test.0","error.glm.train.0","error.glm.test.1","error.glm.train.1","error.glm.test.2","error.glm.train.2","error.glm.test.3","error.glm.train.3"
"1",0.5,0.0746699669966997,0.0698393874552064,0.0283106435643564,0.026270334373147,0.0421307755775578,0.0378200005156101,0.0595090759075908,0.0564593054732012,0.0193894389438944,0.0191291345484545
"2",0.7,0.0747215346534653,0.0699370235333112,0.0282590759075908,0.0260192243950945,0.0419245049504951,0.0381725776157331,0.0596637788778878,0.0570102751077229,0.0195957095709571,0.018671969948072
"3",0.9,0.0747215346534653,0.0702367482562553,0.0282590759075908,0.0264533593045072,0.0418729372937294,0.0381690322395841,0.0597153465346535,0.0569742627576231,0.0195957095709571,0.0188768422107962
