"","size.train","error.glm.test","error.glm.train","error.glm.test.0","error.glm.train.0","error.glm.test.1","error.glm.train.1","error.glm.test.2","error.glm.train.2","error.glm.test.3","error.glm.train.3"
"1",0.5,0.0707888391319325,0.0747309513560052,0.0366861867034103,0.0384847180370211,0.0377196004133655,0.0394317692638829,0.052876334826042,0.0575979337064141,0.0142955563210472,0.0139474817046922
"2",0.7,0.0707888391319325,0.0738576963286391,0.0372028935583879,0.0372055839124285,0.0377196004133655,0.0400959350593444,0.0523596279710644,0.0563310989484042,0.0142955563210472,0.014082774737101
"3",0.9,0.070099896658629,0.0737995025827435,0.0365139510850844,0.0379758943944901,0.0375473647950396,0.0398890376889229,0.0520151567344127,0.056485555768127,0.0141233207027213,0.0132485173139468
