"","size.train","error.glm.test","error.glm.train","error.glm.test.0","error.glm.train.0","error.glm.test.1","error.glm.train.1"
"1",0.1,0.042381652775508,0.0411220043572985,0.042381652775508,0.0411220043572985,0.042381652775508,0.0411220043572985
"2",0.2,0.0420548019828948,0.0446653503097978,0.0420548019828948,0.0446653503097978,0.0420548019828948,0.0446653503097978
"3",0.3,0.0420003268507926,0.0435749625527666,0.0420003268507926,0.0435749625527666,0.0420003268507926,0.0435749625527666
"4",0.4,0.042109277114997,0.044222782052155,0.042109277114997,0.044222782052155,0.042109277114997,0.044222782052155
"5",0.5,0.0419458517186904,0.0431680148160253,0.0419458517186904,0.0431680148160253,0.0419458517186904,0.0431680148160253
"6",0.6,0.0420003268507926,0.0443940081706764,0.0420003268507926,0.0443940081706764,0.0420003268507926,0.0443940081706764
"7",0.7,0.0420003268507926,0.0441202217683105,0.0420003268507926,0.0441202217683105,0.0420003268507926,0.0441202217683105
"8",0.8,0.0420003268507926,0.0435256268405195,0.0420003268507926,0.0435256268405195,0.0420003268507926,0.0435256268405195
"9",0.9,0.0420003268507926,0.0436223331820245,0.0420003268507926,0.0436223331820245,0.0420003268507926,0.0436223331820245
