"","size.train","error.glm.test","error.glm.train","error.glm.test.0","error.glm.train.0","error.glm.test.1","error.glm.train.1","error.glm.test.2","error.glm.train.2","error.glm.test.3","error.glm.train.3"
"1",0.5,0.0730927835051546,0.0722329596701456,0.0288144329896907,0.0279860842674913,0.0394329896907216,0.038113645148821,0.0574226804123711,0.0586264656616415,0.0205154639175258,0.0197397242623373
"2",0.7,0.0728350515463917,0.0723015756147843,0.028659793814433,0.0280334265940215,0.0395360824742268,0.0388197614489766,0.0572164948453608,0.058754233544397,0.0202577319587629,0.0189957296421735
"3",0.9,0.0728865979381443,0.0725841088045812,0.0287628865979381,0.0275447387258411,0.0394329896907216,0.0394702934860415,0.057319587628866,0.0588546886184681,0.0202577319587629,0.0192984967788117
