"","size.train","error.glm.test","error.glm.train","error.glm.test.1","error.glm.train.1","error.glm.test.2","error.glm.train.2","error.glm.test.3","error.glm.train.3","error.glm.test.4","error.glm.train.4"
"1",0.1,0.0747422680412371,0.0653098029112456,0.0369587628865979,0.0341362875177122,0.0459278350515464,0.0407059126626304,0.0493814432989691,0.0417364420971274,0.0172164948453608,0.0140409635450213
"2",0.2,0.0720618556701031,0.0661598917734974,0.0357216494845361,0.0325323713199768,0.0442783505154639,0.0391032661212395,0.0480927835051546,0.0447078528634929,0.0160309278350515,0.0159762932422856
"3",0.3,0.0727319587628866,0.0703457161262615,0.0362886597938144,0.0351728580631308,0.0445360824742268,0.0414429890487438,0.0484536082474227,0.0469400901868155,0.0161855670103093,0.0171354949538329
"4",0.4,0.0725257731958763,0.0687389273635046,0.0361340206185567,0.0329199549041714,0.0443814432989691,0.0398131744242229,0.048298969072165,0.0467708165566114,0.0162371134020619,0.0179739088420035
"5",0.5,0.0722680412371134,0.0674895634695666,0.0359278350515464,0.0340926660825646,0.0443298969072165,0.0403288151316807,0.0480927835051546,0.0445291965160027,0.0161855670103093,0.0160284492088852
"6",0.6,0.0720618556701031,0.0669372503543358,0.0358247422680412,0.0319546450199717,0.0442268041237113,0.0391272602327879,0.0479896907216495,0.0454838294034274,0.0160824742268041,0.0173087660524846
"7",0.7,0.0720103092783505,0.0674237962008541,0.0358247422680412,0.0339051686055073,0.0441752577319588,0.0400530113385363,0.0478350515463918,0.0447651303195406,0.0161855670103093,0.016124282138124
"8",0.8,0.0722164948453608,0.0674204355108878,0.0360309278350515,0.033484731349053,0.0442268041237113,0.0398466692436542,0.0479896907216495,0.0453227676845767,0.0161855670103093,0.0161867027444917
"9",0.9,0.0721649484536082,0.0677594846098783,0.0359278350515464,0.033528990694345,0.0442783505154639,0.040286327845383,0.0479896907216495,0.0454402290622763,0.0161340206185567,0.0162634216177523
