"","size.train","error.glm.test","error.glm.train","error.glm.test.1","error.glm.train.1","error.glm.test.2","error.glm.train.2","error.glm.test.3","error.glm.train.3","error.glm.test.4","error.glm.train.4"
"1",0.5,0.0633202099737533,0.0672935002459957,0.0330271216097988,0.0313781227792052,0.0360892388451444,0.0407259607500137,0.041994750656168,0.0456458754714918,0.0155293088363954,0.0168370414912808
"2",0.7,0.0633202099737533,0.0648184303006638,0.0330271216097988,0.0299882858258493,0.0361986001749781,0.0390081999219055,0.041994750656168,0.0447481452557595,0.0154199475065617,0.0158922295978134
"3",0.9,0.0633202099737533,0.0643221574344023,0.0330271216097988,0.0300959669582119,0.0361986001749781,0.0389030612244898,0.041994750656168,0.0438532555879495,0.0154199475065617,0.0157920310981535
