"","size.train","error.glm.test","error.glm.train","error.glm.test.0","error.glm.train.0","error.glm.test.1","error.glm.train.1"
"1",0.1,0.0657182619452606,0.0658335480546251,0.0657182619452606,0.0658335480546251,0.0657182619452606,0.0658335480546251
"2",0.3,0.0631926189371682,0.0629643946226861,0.0631926189371682,0.0629643946226861,0.0631926189371682,0.0629643946226861
"3",0.5,0.0633472501417453,0.0606123080094836,0.0633472501417453,0.0606123080094836,0.0633472501417453,0.0606123080094836
