"","size.train","error.glm.test","error.glm.train","error.glm.test.1","error.glm.train.1","error.glm.test.2","error.glm.train.2","error.glm.test.3","error.glm.train.3","error.glm.test.4","error.glm.train.4"
"1",0.1,0.13350177899242,0.137371134020619,0.0725519517351622,0.0757731958762887,0.0958593306863301,0.101675257731959,0.0630639921621204,0.0630154639175258,0.0355282834012272,0.0342783505154639
"2",0.2,0.131800134068994,0.13346652059032,0.0715206517815707,0.0712122188567378,0.094776465735059,0.0949925887736031,0.0621873872015676,0.0657988013146871,0.0351157634197906,0.0349294322356126
"3",0.3,0.131284484092198,0.130649596150541,0.0709018718094158,0.0690410723492009,0.094415510751302,0.0935727788279773,0.0619811272108493,0.0633270321361059,0.0352704584128294,0.0353583089877986
"4",0.4,0.131748569071314,0.132830626450116,0.0715206517815707,0.0721513276617685,0.0949827257257773,0.09638437741686,0.0620326922085288,0.0616460427945347,0.0349610684267519,0.0354795050270688
"5",0.5,0.131336049089878,0.132327919566899,0.0716753467746094,0.0707914410930652,0.0941061207652246,0.0967775199793761,0.061774867220131,0.062825470482083,0.0351157634197906,0.034261407579273
"6",0.6,0.131439179085237,0.132701727249291,0.0715206517815707,0.0713886740568875,0.0942092507605837,0.0966529174185787,0.0621873872015676,0.0626664948010656,0.0349610684267519,0.0346953682220504
"7",0.7,0.131336049089878,0.133666009906642,0.0713143917908524,0.0714456699872945,0.0943123807559429,0.0961202054983704,0.0619811272108493,0.0644668274808036,0.0350641984221111,0.0352993168468153
"8",0.8,0.131336049089878,0.13357394905177,0.0712628267931728,0.071669110420057,0.0941061207652246,0.0976910558625912,0.062135822203888,0.063387203325653,0.0351673284174702,0.0344005284952387
"9",0.9,0.131439179085237,0.133541484653614,0.0714175217862115,0.071926784205325,0.0942608157582633,0.0980650520617006,0.0620326922085288,0.06271752051675,0.0351673284174702,0.0343736125234528
