"","size.train","error.glm.test","error.glm.train","error.glm.test.1","error.glm.train.1","error.glm.test.2","error.glm.train.2","error.glm.test.3","error.glm.train.3","error.glm.test.4","error.glm.train.4"
"1",0.5,0.177628865979381,0.180466434737792,0.0912371134020619,0.0935188764334493,0.125412371134021,0.129802860456127,0.088659793814433,0.0883133616801959,0.0499484536082474,0.0492977709058111
"2",0.7,0.17680412371134,0.181873400946088,0.0908762886597938,0.0943142704632885,0.124896907216495,0.130685269377312,0.0883505154639175,0.0884610429052624,0.0494845360824742,0.0502862191463123
"3",0.9,0.177268041237113,0.181274158911954,0.0908762886597938,0.0932140300644238,0.125773195876289,0.12992125984252,0.0879381443298969,0.0890336435218325,0.0499484536082474,0.0503793843951324
