"","size.train","error.glm.test","error.glm.train","error.glm.test.1","error.glm.train.1","error.glm.test.2","error.glm.train.2","error.glm.test.3","error.glm.train.3"
"1",0.5,0.0914901293747745,0.08980801443113,0.0468532549868564,0.0452519005282824,0.0666460491727231,0.0671562942919727,0.0694809545899696,0.0672078340420049
"2",0.7,0.0913354981701974,0.0907651812174425,0.0467501675171383,0.0458335634215031,0.0667491366424411,0.0681429123640179,0.0691716921808154,0.067553886649364
"3",0.9,0.0915932168444926,0.0915129996563968,0.0469563424565744,0.0457564998281984,0.0668006803773001,0.0684056809071126,0.0694294108551106,0.0688638185774825
