"","size.train","error.glm.test","error.glm.train","error.glm.test.1","error.glm.train.1","error.glm.test.2","error.glm.train.2","error.glm.test.3","error.glm.train.3"
"1",0.5,0.0526776970259265,0.0497358587810849,0.0264419359826813,0.0248163896405102,0.0392763259625792,0.0380621053987888,0.0396371321065924,0.0365932225228708
"2",0.7,0.0526776970259265,0.0488523202091041,0.0264934797175403,0.0237266920684006,0.0392247822277202,0.0379921585951737,0.0396371321065924,0.035985789754634
"3",0.9,0.0527292407607855,0.0501088076967129,0.0265450234523994,0.0238517924636353,0.0392247822277202,0.0387699003550567,0.0396886758414515,0.0375959225747337
