"","size.train","error.glm.test","error.glm.train","error.glm.test.1","error.glm.train.1","error.glm.test.2","error.glm.train.2","error.glm.test.3","error.glm.train.3","error.glm.test.4","error.glm.train.4"
"1",0.1,0.0764432989690722,0.0627334793250032,0.0379896907216495,0.0324616771866546,0.0461340206185567,0.039160118510885,0.050360824742268,0.0404482803040062,0.0184020618556701,0.0133968826484606
"2",0.3,0.0721649484536082,0.0669959201202491,0.0357731958762887,0.0329826068284303,0.0441237113402062,0.0404552286879966,0.0482474226804124,0.0440197552072149,0.0161855670103093,0.0165342495168563
"3",0.5,0.0714948453608247,0.0651961036953048,0.035360824742268,0.0329330515899603,0.0437628865979381,0.0389888161624491,0.0479896907216495,0.0428541978044632,0.0158762886597938,0.0156161418337371
