"","size.train","error.glm.test","error.glm.train","error.glm.test.0","error.glm.train.0","error.glm.test.1","error.glm.train.1"
"1",0.1,0.0660790680892737,0.0655758825045091,0.0660790680892737,0.0655758825045091,0.0660790680892737,0.0655758825045091
"2",0.3,0.0632957064068862,0.0626637460808315,0.0632957064068862,0.0626637460808315,0.0632957064068862,0.0626637460808315
"3",0.5,0.0631926189371682,0.0605607669312442,0.0631926189371682,0.0605607669312442,0.0631926189371682,0.0605607669312442
