"","size.train","error.glm.test","error.glm.train","error.glm.test.1","error.glm.train.1","error.glm.test.2","error.glm.train.2","error.glm.test.3","error.glm.train.3","error.glm.test.4","error.glm.train.4"
"1",0.5,0.11249727609501,0.112233781796394,0.0603617345826978,0.0622038237376763,0.0838962736979734,0.0811863391252247,0.0513728481150577,0.0512010458085952,0.0293636957942907,0.029876354921292
"2",0.6,0.111571148398344,0.112137442694385,0.0598714316844628,0.0609368616948845,0.0833514926999346,0.0808179383595842,0.050828067117019,0.0526303844582634,0.0290913052952713,0.0298897008760383
"3",0.7,0.111353235999128,0.113644321674513,0.059816953584659,0.0618410302299343,0.0829156679015036,0.0824417383184842,0.0508825452168228,0.0526592226588336,0.0290913052952713,0.0303466521417733
"4",0.8,0.111298757899324,0.112667665282222,0.0595445630856396,0.061329747395656,0.0830246241011113,0.0821134336488051,0.0508825452168228,0.0518826172805883,0.0291457833950752,0.0300095322393954
"5",0.9,0.111571148398344,0.113054530049023,0.059816953584659,0.061353870362525,0.0831335803007191,0.0825818555952309,0.0510459795162345,0.0522907462325244,0.0291457833950752,0.0298825879077649
