"","size.train","error.glm.test","error.glm.train"
"1",0.2,0.0656151744755425,0.0648386764251108
"2",0.3,0.0655636307406835,0.0682724024189115
"3",0.4,0.0655120870058244,0.0667199257808473
"4",0.5,0.0655636307406835,0.0668590866920936
"5",0.6,0.0655120870058244,0.0667960898173759
"6",0.7,0.0655120870058244,0.0653393611851503
"7",0.8,0.0655120870058244,0.0653927430161839
