"","size.train","error.glm.test","error.glm.train","error.glm.test.0","error.glm.train.0","error.glm.test.1","error.glm.train.1","error.glm.test.2","error.glm.train.2","error.glm.test.3","error.glm.train.3"
"1",0.5,0.0429427792915531,0.0429665149987739,0.0130790190735695,0.0133231615944201,0.0265940054495913,0.0262921287088249,0.0353678474114441,0.0361005912323243,0.0108446866485014,0.0102171484619786
"2",0.6,0.0431062670299728,0.0421841298671813,0.0132425068119891,0.012759677602452,0.0266485013623978,0.0260188443637189,0.0354223433242507,0.0351458735384266,0.0108991825613079,0.010443864229765
"3",0.7,0.0428882833787466,0.043203269436606,0.0130245231607629,0.0131555901527683,0.0265395095367847,0.0267782426778243,0.0353133514986376,0.0357691933443612,0.0108991825613079,0.0107035126982582
"4",0.8,0.0428882833787466,0.0423662432312775,0.0130245231607629,0.0126349487450192,0.0265940054495913,0.0261213091305384,0.0353133514986376,0.0353165548479379,0.0108446866485014,0.0106596737390594
"5",0.9,0.0428337874659401,0.0422304967759513,0.0129155313351499,0.0127751036841946,0.0265940054495913,0.0261405261405261,0.0353133514986376,0.0350861259952169,0.0108446866485014,0.010459237731965
