"","size.train","error.glm.test","error.glm.train","error.glm.test.1","error.glm.train.1","error.glm.test.2","error.glm.train.2","error.glm.test.3","error.glm.train.3","error.glm.test.4","error.glm.train.4"
"1",0.5,0.127577319587629,0.12227490594238,0.067680412371134,0.0635468741947122,0.0752061855670103,0.0710199453692728,0.0857731958762887,0.0835437818893986,0.0264948453608247,0.0264392104313766
"2",0.7,0.127938144329897,0.124153291120601,0.0679896907216495,0.064902076277426,0.0752061855670103,0.0721359151818583,0.0861855670103093,0.0844316006479164,0.0264948453608247,0.0268369901340009
"3",0.9,0.128041237113402,0.122748747315676,0.0680927835051546,0.064738725841088,0.0752577319587629,0.0716392269148175,0.0862371134020619,0.0829205440229062,0.0264948453608247,0.0261989978525412
