"","size.train","error.glm.test","error.glm.train","error.glm.test.0","error.glm.train.0","error.glm.test.1","error.glm.train.1","error.glm.test.2","error.glm.train.2"
"1",0.1,0.0698453608247423,0.066091213604741,0.0323711340206186,0.0319505282143777,0.0622164948453608,0.0587477454264365,0.0451030927835052,0.0414841535686679
"2",0.3,0.0678865979381443,0.0680295481875966,0.0307216494845361,0.0307936780621886,0.0606701030927835,0.0612437725476722,0.0443814432989691,0.0440216457653324
"3",0.5,0.0677835051546392,0.0695013529184383,0.0310309278350515,0.0323669630202294,0.0606701030927835,0.0619765494137353,0.0438659793814433,0.044659193402912
