"","size.train","error.glm.test","error.glm.train","error.glm.test.0","error.glm.train.0","error.glm.test.1","error.glm.train.1"
"1",0.1,0.0657182619452606,0.0659623808296831,0.0657182619452606,0.0659623808296831,0.0657182619452606,0.0659623808296831
"2",0.3,0.0631926189371682,0.0630073444143796,0.0631926189371682,0.0630073444143796,0.0631926189371682,0.0630073444143796
"3",0.5,0.0633472501417453,0.0606123080094836,0.0633472501417453,0.0606123080094836,0.0633472501417453,0.0606123080094836
"4",0.7,0.0630895314674501,0.0618845141458207,0.0630895314674501,0.0618845141458207,0.0630895314674501,0.0618845141458207
"5",0.9,0.0630895314674501,0.0626932768296873,0.0630895314674501,0.0626932768296873,0.0630895314674501,0.0626932768296873
