"","size.train","error.glm.test","error.glm.train","error.glm.test.1","error.glm.train.1","error.glm.test.2","error.glm.train.2","error.glm.test.3","error.glm.train.3","error.glm.test.4","error.glm.train.4"
"1",0.1,0.0797938144329897,0.0650521705526214,0.0392783505154639,0.0333633904418395,0.0486082474226804,0.0400618317660698,0.0523711340206186,0.0419940744557516,0.0193298969072165,0.0146850444415819
"2",0.3,0.0729896907216495,0.0659652136568606,0.0361340206185567,0.0327678763152244,0.0447422680412371,0.038694438479708,0.0484020618556701,0.0439768091045738,0.0167010309278351,0.0164913034142152
"3",0.5,0.0725773195876289,0.0675153326805133,0.0358762886597938,0.0327268979023862,0.0445876288659794,0.0405865072411483,0.048298969072165,0.0456115033757666,0.0163917525773196,0.0161057568417255
