"","size.train","error.glm.test","error.glm.train","error.glm.test.1","error.glm.train.1","error.glm.test.2","error.glm.train.2","error.glm.test.3","error.glm.train.3","error.glm.test.4","error.glm.train.4"
"1",0.1,0.132474226804124,0.120571943836146,0.0709278350515464,0.0686590235733608,0.0962886597938144,0.090042509339173,0.0644329896907216,0.0543604276697153,0.0332989690721649,0.0280819270900425
"2",0.3,0.125979381443299,0.121757429994846,0.0683505154639175,0.0667411097749528,0.0910309278350516,0.0880432915306648,0.0608762886597938,0.0577220408864456,0.031701030927835,0.0310084177976293
"3",0.5,0.124226804123711,0.124932354078083,0.0669587628865979,0.068212859167633,0.0906701030927835,0.0899626336812266,0.0602061855670103,0.0593995619121247,0.0306185567010309,0.032289653395181
