"","size.train","error.glm.test","error.glm.train","error.glm.test.0","error.glm.train.0","error.glm.test.1","error.glm.train.1","error.glm.test.2","error.glm.train.2"
"1",0.1,0.0696907216494845,0.066348879154857,0.0314432989690722,0.0327235248647256,0.0622680412371134,0.0586189126513785,0.0456701030927835,0.0413553207936099
"2",0.3,0.0680412371134021,0.0684590276584779,0.030979381443299,0.0314808452155987,0.0607216494845361,0.0616303040714654,0.0443814432989691,0.0438069060298918
"3",0.5,0.0678865979381443,0.0701971395438732,0.0312371134020619,0.0329081303955676,0.0605154639175258,0.0625177167890736,0.044020618556701,0.0449684319031053
