"","size.train","error.glm.test","error.glm.train","error.glm.test.0","error.glm.train.0","error.glm.test.1","error.glm.train.1","error.glm.test.2","error.glm.train.2"
"1",0.1,0.0693298969072165,0.0676372069054367,0.0321649484536082,0.0323370265395517,0.061701030927835,0.0599072404019583,0.0447938144329897,0.0430301468693636
"2",0.3,0.0682474226804124,0.0698333619652981,0.0314948453608247,0.0324257000515375,0.060979381443299,0.0626610548015805,0.044020618556701,0.0445799690774781
"3",0.5,0.0680927835051546,0.0699652106687283,0.031340206185567,0.0332946785208092,0.0607216494845361,0.0617446205385904,0.0441237113402062,0.044891122278057
