"","size.train","error.glm.test","error.glm.train","error.glm.test.1","error.glm.train.1","error.glm.test.2","error.glm.train.2","error.glm.test.3","error.glm.train.3"
"1",0.1,0.0590175764135869,0.0526858173386577,0.0294314726045049,0.0240886255313667,0.0434513684861605,0.0425093391730001,0.0451523117365084,0.0387736699729486
"2",0.3,0.0529354157002216,0.049862566569318,0.0266996546569764,0.0237502147397354,0.0392763259625792,0.0381807249613468,0.0398948507808876,0.0377941934375537
"3",0.5,0.0522653471470543,0.0501481767813426,0.0262357610432452,0.0238371343898982,0.0390186072882841,0.038835201649272,0.0392763259625792,0.037624017523515
"4",0.7,0.0524715220864904,0.0500303716384118,0.0263903922478223,0.0240764260864763,0.0390701510231431,0.0388388830599886,0.0394825009020154,0.0371454341303588
"5",0.9,0.0525230658213494,0.0499942732791204,0.0264419359826813,0.0239949604856259,0.0390701510231431,0.0387555835528576,0.0395340446368744,0.0372380025197572
