"","size.train","error.glm.test","error.glm.train","error.glm.test.1","error.glm.train.1","error.glm.test.2","error.glm.train.2","error.glm.test.3","error.glm.train.3","error.glm.test.4","error.glm.train.4"
"1",0.1,0.0762371134020619,0.0654386190905578,0.0377319587628866,0.0334922066211516,0.0462371134020619,0.0405770964833183,0.0507216494845361,0.0421228906350638,0.0177835051546392,0.0146850444415819
"2",0.3,0.0728350515463917,0.0661369980674254,0.035979381443299,0.0328537685205068,0.0445360824742268,0.0388232767876315,0.0485051546391753,0.0440627013098561,0.0166494845360825,0.0165342495168563
"3",0.5,0.0724742268041237,0.0671287945163119,0.035979381443299,0.0339895892387775,0.0444845360824742,0.0401484306550533,0.0482474226804124,0.0441168891408545,0.0162371134020619,0.0160026799979385
