"","size.train","error.glm.test","error.glm.train"
"1",0.2,0.0703092783505155,0.0691130237592125
"2",0.3,0.0701546391752577,0.070849367784497
"3",0.4,0.0697938144329897,0.0719752609199845
"4",0.5,0.0696907216494845,0.0713534687145655
"5",0.6,0.0698453608247423,0.0703351830535846
"6",0.7,0.0697938144329897,0.0707133180184956
"7",0.8,0.0699484536082474,0.0711644268061694
