"","size.train","error.glm.test","error.glm.train","error.glm.test.1","error.glm.train.1","error.glm.test.2","error.glm.train.2","error.glm.test.3","error.glm.train.3","error.glm.test.4","error.glm.train.4"
"1",0.1,0.0734323432343234,0.0670189457404305,0.036509900990099,0.0346694161618765,0.0421823432343234,0.0413713107359196,0.0500206270627063,0.0430467843794303,0.0181518151815182,0.0149503802036345
"2",0.2,0.0727619636963696,0.0674743829348457,0.0357879537953795,0.0323516143584456,0.041769801980198,0.0395695044145131,0.0498143564356436,0.0450473674034929,0.0181518151815182,0.0179802796932397
"3",0.3,0.0725041254125413,0.0688262588073552,0.0356332508250825,0.0342412785702011,0.0416666666666667,0.0432634473277195,0.0496596534653465,0.0445952912871627,0.0180486798679868,0.0155525004296271
"4",0.4,0.0725041254125413,0.069246632725398,0.0357363861386139,0.0345105368305729,0.0416666666666667,0.0407295224592383,0.0496080858085809,0.0465618354063285,0.0179971122112211,0.0166913707546562
"5",0.5,0.0725556930693069,0.0673111626707914,0.0357363861386139,0.0330755349316834,0.041769801980198,0.0406032482598608,0.0496596534653465,0.0449858210879093,0.0179455445544554,0.0159577210621294
"6",0.6,0.0725556930693069,0.0671135172295265,0.0357363861386139,0.0335567586147633,0.0418213696369637,0.0407321474606857,0.0496080858085809,0.0439975938815846,0.0179455445544554,0.0159405345020194
"7",0.7,0.0725556930693069,0.0682035795831185,0.0356848184818482,0.0332363556013847,0.0417182343234323,0.0412462252338514,0.0497112211221122,0.0454260882374604,0.0179971122112211,0.0164984900935405
"8",0.8,0.0725041254125413,0.0677032143720293,0.0356848184818482,0.0332715701280915,0.0417182343234323,0.0409409490050753,0.0496596534653465,0.0450173205510352,0.0179455445544554,0.0161765890598566
"9",0.9,0.0725556930693069,0.0676854331667216,0.0357363861386139,0.033513312232359,0.041769801980198,0.0408891053091388,0.0496596534653465,0.0449135671626828,0.0179455445544554,0.0160548816292626
