"","size.train","error.glm.test","error.glm.train","error.glm.test.1","error.glm.train.1","error.glm.test.2","error.glm.train.2","error.glm.test.3","error.glm.train.3"
"1",0.5,0.0472389283761618,0.0445003280122458,0.0234007654455987,0.0208834463153291,0.0365226899945325,0.0347146293461623,0.0345544013121925,0.0334025803630002
"2",0.7,0.0465828321487151,0.0443203561247999,0.022744669218152,0.020266312624468,0.0360852925095681,0.0350657971806787,0.0343357025697102,0.0333086024444531
"3",0.9,0.0465828321487151,0.0453151100987092,0.022744669218152,0.02083523158694,0.0360852925095681,0.0356567957479119,0.0343357025697102,0.0341381928625664
