"","size.train","error.glm.test","error.glm.train","error.glm.test.0","error.glm.train.0","error.glm.test.1","error.glm.train.1","error.glm.test.2","error.glm.train.2"
"1",0.1,0.0710565668024545,0.0761696094857585,0.0354251534058681,0.0357004768655755,0.0622389521992472,0.0697254800876402,0.0444490279997937,0.0469132620183013
"2",0.2,0.0699221368535038,0.0741767094154798,0.0344969834476357,0.0364761229619127,0.0616717372247718,0.0655410195269704,0.0436755530346001,0.0463362763420764
"3",0.3,0.0694580518743877,0.071922663802363,0.0341875934615583,0.0323952738990333,0.0612076522456556,0.0640601503759398,0.0435208580415614,0.047389903329753
"4",0.4,0.0696127468674264,0.0718613044599123,0.0342907234569174,0.033610466615107,0.0614139122363739,0.0641918020108275,0.0435208580415614,0.0459203402938902
"5",0.5,0.0697674418604651,0.0717471448090954,0.0344454184499562,0.0327670215782825,0.0615170422317331,0.0640387738791926,0.043572423039241,0.0466884941607157
"6",0.6,0.0694580518743877,0.0710664260548251,0.0341360284638787,0.032933745810776,0.0612592172433352,0.0637191716078027,0.0435208580415614,0.0454799346910716
"7",0.7,0.0694580518743877,0.0708393179390859,0.0341360284638787,0.0331270946120134,0.0613107822410148,0.0633079217765993,0.0434692930438818,0.0452436194895592
"8",0.8,0.0695611818697468,0.0724425180864605,0.0342391584592379,0.0337560221065691,0.0613623472386944,0.0647245540821423,0.0435208580415614,0.0464044599842096
"9",0.9,0.0695611818697468,0.0716689821113991,0.0342391584592379,0.033170536085132,0.0613623472386944,0.0640781426791367,0.0435208580415614,0.0460892854585297
