"","size.train","error.glm.test","error.glm.train","error.glm.test.1","error.glm.train.1","error.glm.test.2","error.glm.train.2","error.glm.test.3","error.glm.train.3","error.glm.test.4","error.glm.train.4"
"1",0.1,0.079020618556701,0.0650521705526214,0.039020618556701,0.0334922066211516,0.0482474226804124,0.0400618317660698,0.0517010309278351,0.0418652582764395,0.0190721649484536,0.0146850444415819
"2",0.3,0.0729381443298969,0.0660081597595018,0.0360824742268041,0.0327678763152244,0.0446907216494845,0.038694438479708,0.0484020618556701,0.0440197552072149,0.0167010309278351,0.0165342495168563
"3",0.5,0.0725257731958763,0.0668968716177911,0.0359278350515464,0.0320568984177705,0.0444845360824742,0.0403288151316807,0.0483505154639175,0.0449415038911509,0.0162886597938144,0.0164665257949802
"4",0.7,0.0725773195876289,0.0680312177882492,0.0360309278350515,0.0334818141658077,0.0445360824742268,0.0405868060668532,0.048298969072165,0.0454645854807834,0.0162886597938144,0.016529229863054
"5",0.9,0.0725257731958763,0.0679026485325698,0.0358762886597938,0.0338010021474588,0.0445360824742268,0.0403722261989979,0.048298969072165,0.0452827487473157,0.016340206185567,0.0163493199713672
