"","size.train","error.glm.test","error.glm.train","error.glm.test.1","error.glm.train.1","error.glm.test.2","error.glm.train.2","error.glm.test.3","error.glm.train.3","error.glm.test.4","error.glm.train.4"
"1",0.5,0.126753300330033,0.127819742710562,0.0681208745874587,0.067983191110882,0.0901918316831683,0.0927582562066565,0.0602825907590759,0.0611513573435768,0.034911303630363,0.0337466807600093
"2",0.7,0.126495462046205,0.127630973206887,0.067914603960396,0.0697357517723966,0.0899339933993399,0.0921830402357057,0.0601278877887789,0.060252278795691,0.0350144389438944,0.0330908756099807
"3",0.9,0.125979785478548,0.127757089659123,0.0675020627062706,0.0688341449441421,0.0898824257425743,0.0925522772844457,0.0599731848184819,0.0607705528501862,0.034601897689769,0.0333572042394729
