"","size.train","error.glm.test","error.glm.train"
"1",0.2,0.0597391887016133,0.0640107199917539
"2",0.3,0.0596876449667543,0.0638400219901045
"3",0.4,0.0593783825576001,0.0631635913823317
"4",0.5,0.0593268388227411,0.0619523760437068
"5",0.6,0.0594299262924591,0.0621918325974539
"6",0.7,0.0594299262924591,0.0619965541107691
"7",0.8,0.0593783825576001,0.062016802391506
