"","size.train","error.glm.test","error.glm.train","error.glm.test.1","error.glm.train.1","error.glm.test.2","error.glm.train.2","error.glm.test.3","error.glm.train.3","error.glm.test.4","error.glm.train.4"
"1",0.5,0.0650406504065041,0.0651933021423295,0.0304262133530426,0.0310268406796356,0.0415126878541513,0.0412459985225314,0.0429908844542991,0.043400640236395,0.0151515151515152,0.014713124846097
"2",0.7,0.0644247351564425,0.0645473332453942,0.0300566642030057,0.0308666402849228,0.0411431387041143,0.0392648287385129,0.0426213353042621,0.0437936947632238,0.0150283321015028,0.0151695027041287
"3",0.9,0.0645479182064548,0.0649794801641587,0.0300566642030057,0.0310191518467852,0.0412663217541266,0.0404582763337893,0.0427445183542745,0.0435020519835841,0.0150283321015028,0.0149794801641587
