"","size.train","error.glm.test","error.glm.train","error.glm.test.1","error.glm.train.1","error.glm.test.2","error.glm.train.2","error.glm.test.3","error.glm.train.3","error.glm.test.4","error.glm.train.4"
"1",0.1,0.0721134020618557,0.0665979647043669,0.0358247422680412,0.0347803684142728,0.0439690721649485,0.041349993559191,0.0481958762886598,0.042380522993688,0.0162371134020619,0.0146850444415819
"2",0.2,0.0719072164948454,0.0667396766089029,0.0357216494845361,0.0335630999162533,0.0439175257731959,0.0398118920311795,0.0479896907216495,0.0436127037299491,0.0161855670103093,0.0164916575404239
"3",0.3,0.0720618556701031,0.0660940519647842,0.0357731958762887,0.0338844749838952,0.0439175257731959,0.0392527378140434,0.0481443298969072,0.0426025338200558,0.0162886597938144,0.016448357311574
"4",0.4,0.0719587628865979,0.0666451924625544,0.0357731958762887,0.0326300531486552,0.0438659793814433,0.038782412626832,0.0480412371134021,0.0442583346754711,0.0162371134020619,0.0176195844741504
"5",0.5,0.0720103092783505,0.0670772560944184,0.0357731958762887,0.0333453589651085,0.0439175257731959,0.0397618924908519,0.0480927835051546,0.0449672731020976,0.0162371134020619,0.0160799876307787
"6",0.6,0.0719587628865979,0.0696001374393334,0.0357731958762887,0.0348108061675901,0.0438659793814433,0.0414894987759309,0.0480412371134021,0.0464716746123781,0.0162371134020619,0.0164282953227677
"7",0.7,0.0720103092783505,0.0667795611839199,0.0357731958762887,0.0329480194374908,0.0438659793814433,0.0399057576203799,0.0480927835051546,0.0446915034604624,0.0162886597938144,0.0160138418495067
"8",0.8,0.0719587628865979,0.067243267620152,0.0357731958762887,0.0335491560365932,0.0438659793814433,0.0401526865094704,0.0480412371134021,0.0446946269810591,0.0162371134020619,0.0160900657131813
"9",0.9,0.0719587628865979,0.0672727272727273,0.0357731958762887,0.0331997136721546,0.0438659793814433,0.0397995705082319,0.0480412371134021,0.0452111667859699,0.0162371134020619,0.0163350035790981
