"","size.train","error.glm.test","error.glm.train","error.glm.test.0","error.glm.train.0","error.glm.test.1","error.glm.train.1"
"1",0.1,0.0669037678470182,0.0646823862904265,0.0669037678470182,0.0646823862904265,0.0669037678470182,0.0646823862904265
"2",0.3,0.0658728931498376,0.065495619309397,0.0658728931498376,0.065495619309397,0.0658728931498376,0.065495619309397
"3",0.5,0.0657182619452606,0.0658952685290176,0.0657182619452606,0.0658952685290176,0.0657182619452606,0.0658952685290176
