"","size.train","error.glm.test","error.glm.train","error.glm.test.1","error.glm.train.1","error.glm.test.2","error.glm.train.2","error.glm.test.3","error.glm.train.3"
"1",0.1,0.0589144889438689,0.0526858173386577,0.0293283851347869,0.0240886255313667,0.0433998247513015,0.0425093391730001,0.0451007680016494,0.0387736699729486
"2",0.3,0.0531931343745168,0.0497766706751417,0.0268027421266945,0.0236213708984711,0.0393794134322973,0.0381377770142587,0.0402041131900418,0.0377941934375537
"3",0.5,0.0523684346167723,0.0501481767813426,0.0263388485129632,0.0238113645148821,0.0390186072882841,0.038835201649272,0.0393794134322973,0.0376497873985311
