"","size.train","error.glm.test","error.glm.train","error.glm.test.0","error.glm.train.0","error.glm.test.1","error.glm.train.1","error.glm.test.2","error.glm.train.2","error.glm.test.3","error.glm.train.3"
"1",0.5,0.0418936587491828,0.0420229860014162,0.0123665286554805,0.0140530529985293,0.0264218784048812,0.0261996840786535,0.0344846371758553,0.0343428291301269,0.0105142732621486,0.00945040579552263
"2",0.6,0.0417302244497712,0.0431891425718306,0.012148616256265,0.0131178793518224,0.0263129222052735,0.0268031410285507,0.0344846371758553,0.0359039535200399,0.0105142732621486,0.0105533112432482
"3",0.7,0.0416212682501634,0.04283629997082,0.0120941381564611,0.0130921116622897,0.0263129222052735,0.0262425834062834,0.0344846371758553,0.0354440229549655,0.010350838962737,0.0108938819181014
"4",0.8,0.0417302244497712,0.0429972084156056,0.0122030943560689,0.0132770477292844,0.0263129222052735,0.026758357731327,0.0344846371758553,0.0356607884523728,0.0104597951623447,0.010298222918227
"5",0.9,0.0417847025495751,0.0426072747079828,0.0122575724558727,0.0130424257096169,0.0263129222052735,0.0264025903286328,0.0344846371758553,0.0352236276705199,0.0105142732621486,0.010545905707196
