"","size.train","error.glm.test","error.glm.train","error.glm.test.0","error.glm.train.0","error.glm.test.1","error.glm.train.1"
"1",0.5,0.0360625374516533,0.0368766511425225,0.0360625374516533,0.0368766511425225,0.0360625374516533,0.0368766511425225
"2",0.6,0.0360625374516533,0.0370395587934908,0.0360625374516533,0.0370395587934908,0.0360625374516533,0.0370395587934908
"3",0.7,0.0360625374516533,0.0364563069021866,0.0360625374516533,0.0364563069021866,0.0360625374516533,0.0364563069021866
"4",0.8,0.0360625374516533,0.0367672090964799,0.0360625374516533,0.0367672090964799,0.0360625374516533,0.0367672090964799
"5",0.9,0.0360625374516533,0.0366161807205217,0.0360625374516533,0.0366161807205217,0.0360625374516533,0.0366161807205217
