"","size.train","error.glm.test","error.glm.train","error.glm.test.1","error.glm.train.1","error.glm.test.2","error.glm.train.2","error.glm.test.3","error.glm.train.3"
"1",0.2,0.0472140611308695,0.0500927643784787,0.0232462244214216,0.0252525252525253,0.0362352456058966,0.0377757163471449,0.0349466522344209,0.0371572871572872
"2",0.3,0.0476779547446008,0.0515393073117097,0.0232977681562806,0.0247388675096207,0.0365960517499098,0.039410390324354,0.0354620895830112,0.0389293567894448
"3",0.4,0.0473686923354466,0.0524674655327922,0.0233493118911396,0.0255121762659451,0.0361321581361785,0.0398917665249324,0.0352559146435751,0.0395309882747069
"4",0.5,0.0476779547446008,0.0506751881249356,0.0233493118911396,0.0244098546541594,0.0365445080150508,0.0392330687557984,0.0354620895830112,0.0377074528399134
"5",0.6,0.0473686923354466,0.0513683921177865,0.0231431369517035,0.0248251928462212,0.0363383330756147,0.0394969677186593,0.0352559146435751,0.0384146236706925
"6",0.7,0.0473171486005876,0.0502886257878306,0.0231946806865625,0.0246362726041114,0.0362867893407556,0.0383901749425694,0.035152827173857,0.0375508040289804
"7",0.8,0.0474717798051647,0.0504329450572106,0.0232462244214216,0.0245464385114937,0.0363898768104737,0.0388877435315947,0.0353074583784341,0.0374317080713329
