"","size.train","error.glm.test","error.glm.train","error.glm.test.0","error.glm.train.0","error.glm.test.1","error.glm.train.1","error.glm.test.2","error.glm.train.2"
"1",0.1,0.0717525773195876,0.0689255346560165,0.0336082474226804,0.0336253542901314,0.0638659793814433,0.061195568152538,0.0460309278350515,0.0430301468693636
"2",0.3,0.0693298969072165,0.0707352688541488,0.0319072164948454,0.032898127469507,0.0620618556701031,0.0635629616904312,0.0446907216494845,0.0450094485483594
"3",0.5,0.0691237113402062,0.0718979512949362,0.0318041237113402,0.034222394021389,0.0618556701030928,0.0642700682901688,0.0445876288659794,0.0453034402783146
