"","size.train","error.glm.test","error.glm.train","error.glm.test.0","error.glm.train.0","error.glm.test.1","error.glm.train.1","error.glm.test.2","error.glm.train.2"
"1",0.1,0.0711855670103093,0.0690543674310745,0.033659793814433,0.0336253542901314,0.0632474226804124,0.061195568152538,0.0454639175257732,0.0432878124194795
"2",0.3,0.0693814432989691,0.0705634770657963,0.0320103092783505,0.0327692836282426,0.0621134020618557,0.0633911699020787,0.044639175257732,0.0449665006012713
"3",0.5,0.069020618556701,0.0718979512949362,0.0317525773195876,0.0342481638964051,0.0617525773195876,0.0642185285401366,0.0445360824742268,0.0453292101533308
"4",0.7,0.0689175257731959,0.0717677808864674,0.0317525773195876,0.0338499484611986,0.0616494845360825,0.063760859961714,0.0444329896907217,0.0459247533500221
"5",0.9,0.0691237113402062,0.0719838508783232,0.0319587628865979,0.0337012698821744,0.0618041237113402,0.0642385717762602,0.0444845360824742,0.0460278600982119
