"","size.train","error.glm.test","error.glm.train","error.glm.test.0","error.glm.train.0","error.glm.test.1","error.glm.train.1"
"1",0.5,0.00500281848928974,0.00524906644120341,0.00500281848928974,0.00524906644120341,0.00500281848928974,0.00524906644120341
"2",0.7,0.00500281848928974,0.00543519287385823,0.00500281848928974,0.00543519287385823,0.00500281848928974,0.00543519287385823
"3",0.9,0.00493235625704622,0.00534288398309065,0.00493235625704622,0.00534288398309065,0.00493235625704622,0.00534288398309065
