"","size.train","error.glm.test","error.glm.train","error.glm.test.1","error.glm.train.1","error.glm.test.2","error.glm.train.2","error.glm.test.3","error.glm.train.3"
"1",0.5,0.0485704443678953,0.0465777012483857,0.0239407509472959,0.021093413689195,0.0368584223217361,0.0365906155832975,0.0363417154667585,0.035471373224279
"2",0.7,0.0490871512228729,0.0472266633870373,0.0241129865656218,0.0230598942319518,0.0372028935583879,0.0367113516172672,0.0368584223217361,0.0346820809248555
"3",0.9,0.0485704443678953,0.0465372106370767,0.0239407509472959,0.0225272622919457,0.0368584223217361,0.0355844652764492,0.0363417154667585,0.0349626937057586
