"","size.train","error.glm.test","error.glm.train","error.glm.test.1","error.glm.train.1","error.glm.test.2","error.glm.train.2","error.glm.test.3","error.glm.train.3","error.glm.test.4","error.glm.train.4"
"1",0.5,0.132938144329897,0.133307563458317,0.0727835051546392,0.0729287462955805,0.0967525773195876,0.098054374436284,0.0628865979381443,0.0614611519134132,0.0334536082474227,0.0341708542713568
"2",0.7,0.133350515463918,0.134973954978004,0.0730927835051546,0.0731469380993576,0.0971134020618557,0.0994864621104751,0.0628865979381443,0.0627289293011099,0.0336082474226804,0.0345855804450662
"3",0.9,0.132989690721649,0.133657838224767,0.0727835051546392,0.0730136005726557,0.0967010309278351,0.0973514674302076,0.0628865979381443,0.0625912670007158,0.0336082474226804,0.0343593414459556
