"","size.train","error.glm.test","error.glm.train","error.glm.test.1","error.glm.train.1","error.glm.test.2","error.glm.train.2","error.glm.test.3","error.glm.train.3","error.glm.test.4","error.glm.train.4"
"1",0.1,0.0799484536082474,0.0647945381939972,0.0394329896907216,0.0334922066211516,0.0484020618556701,0.0398041994074456,0.0526288659793814,0.0418652582764395,0.0194329896907216,0.0144274120829576
"2",0.3,0.0727319587628866,0.0690143869443848,0.0360824742268041,0.0341850977023835,0.0445876288659794,0.041485935151385,0.048298969072165,0.0452222460811681,0.0164948453608247,0.0171354949538329
"3",0.5,0.0729896907216495,0.0680049476885018,0.0361855670103093,0.0339895892387775,0.0447422680412371,0.0403288151316807,0.0486082474226804,0.0455084265319796,0.0164432989690722,0.0161830644745658
