"","size.train","error.glm.test","error.glm.train","error.glm.test.0","error.glm.train.0","error.glm.test.1","error.glm.train.1","error.glm.test.2","error.glm.train.2"
"1",0.5,0.114845360824742,0.119005282824378,0.0561340206185567,0.0565391057853369,0.104072164948454,0.107202680067002,0.0694845360824742,0.074268779796418
"2",0.7,0.115154639175258,0.117508467088794,0.0564432989690722,0.0564533941982035,0.104226804123711,0.105323221911353,0.069639175257732,0.0732403180680312
"3",0.9,0.115154639175258,0.118985239588255,0.056340206185567,0.0572663889246804,0.104329896907217,0.106987931108534,0.069639175257732,0.0737161591432948
