"","size.train","error.glm.test","error.glm.train","error.glm.test.0","error.glm.train.0","error.glm.test.1","error.glm.train.1"
"1",0.1,0.0675222926653265,0.0623550631280598,0.0675222926653265,0.0623550631280598,0.0675222926653265,0.0623550631280598
"2",0.3,0.062883356528014,0.0614611519134132,0.062883356528014,0.0614611519134132,0.062883356528014,0.0614611519134132
"3",0.5,0.0624194629142828,0.0601226677662097,0.0624194629142828,0.0601226677662097,0.0624194629142828,0.0601226677662097
