"","size.train","error.glm.test","error.glm.train","error.glm.test.0","error.glm.train.0","error.glm.test.1","error.glm.train.1"
"1",0.5,0.0654079568442347,0.0754017305315204,0.0654079568442347,0.0754017305315204,0.0654079568442347,0.0754017305315204
"2",0.7,0.0654079568442347,0.0730454326537165,0.0654079568442347,0.0730454326537165,0.0654079568442347,0.0730454326537165
"3",0.9,0.0645088783996404,0.0739792733175178,0.0645088783996404,0.0739792733175178,0.0645088783996404,0.0739792733175178
