"","size.train","error.glm.test","error.glm.train","error.glm.test.0","error.glm.train.0","error.glm.test.1","error.glm.train.1","error.glm.test.2","error.glm.train.2","error.glm.test.3","error.glm.train.3"
"1",0.5,0.0731958762886598,0.0725421981703389,0.0288659793814433,0.0280891637675557,0.0393814432989691,0.0382424945239016,0.0575773195876289,0.0588841644118026,0.0205670103092783,0.0198685736374179
"2",0.7,0.0731443298969072,0.0725592696215579,0.0289690721649485,0.0288249153291121,0.0394845360824742,0.0389486084523634,0.0574742268041237,0.058754233544397,0.020360824742268,0.0185907819172434
"3",0.9,0.0728865979381443,0.0729992841803865,0.0287628865979381,0.0277881173944166,0.0393298969072165,0.0399713672154617,0.057319587628866,0.059226914817466,0.020360824742268,0.0190121689334288
