"","size.train","error.glm.test","error.glm.train","error.glm.test.0","error.glm.train.0","error.glm.test.1","error.glm.train.1"
"1",0.5,0.00768038331454341,0.0052841089230986,0.00768038331454341,0.0052841089230986,0.00768038331454341,0.0052841089230986
"2",0.7,0.00746899661781285,0.00588812561334642,0.00746899661781285,0.00588812561334642,0.00746899661781285,0.00588812561334642
"3",0.9,0.0072576099210823,0.00583227321655739,0.0072576099210823,0.00583227321655739,0.0072576099210823,0.00583227321655739
