"","size.train","error.glm.test","error.glm.train","error.glm.test.0","error.glm.train.0","error.glm.test.1","error.glm.train.1"
"1",0.1,0.0650997371269522,0.0641669887901044,0.0650997371269522,0.0641669887901044,0.0650997371269522,0.0641669887901044
"2",0.2,0.0649966496572342,0.0664862775415539,0.0649966496572342,0.0664862775415539,0.0649966496572342,0.0664862775415539
"3",0.3,0.0650481933920932,0.0637777014258718,0.0650481933920932,0.0637777014258718,0.0650481933920932,0.0637777014258718
"4",0.4,0.0649451059223751,0.0668406133230254,0.0649451059223751,0.0668406133230254,0.0649451059223751,0.0668406133230254
"5",0.5,0.0650997371269522,0.0649932996598289,0.0650997371269522,0.0649932996598289,0.0650997371269522,0.0649932996598289
"6",0.6,0.0650481933920932,0.0643186942982927,0.0650481933920932,0.0643186942982927,0.0650481933920932,0.0643186942982927
"7",0.7,0.0648935621875161,0.0651793767371657,0.0648935621875161,0.0651793767371657,0.0648935621875161,0.0651793767371657
"8",0.8,0.0649451059223751,0.0651183017378839,0.0649451059223751,0.0651183017378839,0.0649451059223751,0.0651183017378839
"9",0.9,0.0649966496572342,0.0645830947199633,0.0649966496572342,0.0645830947199633,0.0649966496572342,0.0645830947199633
