"","size.train","error.glm.test","error.glm.train","error.glm.test.0","error.glm.train.0","error.glm.test.1","error.glm.train.1","error.glm.test.2","error.glm.train.2","error.glm.test.3","error.glm.train.3"
"1",0.1,0.0770618556701031,0.0733058490079876,0.0308762886597938,0.0297603710383922,0.0414432989690722,0.0376191703169286,0.0598453608247423,0.0602937387271322,0.0219587628865979,0.0189384179335223
"2",0.3,0.0735567010309278,0.0727936439768091,0.0290721649484536,0.0276143439982822,0.0395360824742268,0.0395533605325317,0.057680412371134,0.0583637534893708,0.0208247422680412,0.0200558299334335
"3",0.5,0.0734020618556701,0.0733152944208221,0.0293814432989691,0.0288622600180389,0.039639175257732,0.0389382811493364,0.0572680412371134,0.0596314907872697,0.0205154639175258,0.0191985568869991
"4",0.7,0.0729896907216495,0.0728892488357967,0.029020618556701,0.0281617552320124,0.0394845360824742,0.0398129912201587,0.0572164948453608,0.0589004030996337,0.0202577319587629,0.0189033481197887
"5",0.9,0.0730927835051546,0.0726843235504653,0.0291237113402062,0.0279742304939155,0.0394845360824742,0.0394989262705798,0.0572164948453608,0.0587687902648533,0.020360824742268,0.019126700071582
