"","size.train","error.glm.test","error.glm.train","error.glm.test.0","error.glm.train.0","error.glm.test.1","error.glm.train.1"
"1",0.1,0.0676769238699036,0.0627496456642185,0.0676769238699036,0.0627496456642185,0.0676769238699036,0.0627496456642185
"2",0.3,0.0655120870058244,0.064164232949665,0.0655120870058244,0.064164232949665,0.0655120870058244,0.064164232949665
"3",0.5,0.0647904747177981,0.0649932996598289,0.0647904747177981,0.0649932996598289,0.0647904747177981,0.0649932996598289
