"","size.train","error.glm.test","error.glm.train","error.glm.test.1","error.glm.train.1","error.glm.test.2","error.glm.train.2","error.glm.test.3","error.glm.train.3","error.glm.test.4","error.glm.train.4"
"1",0.1,0.137216494845361,0.132809480870797,0.0742268041237113,0.0748422001803427,0.0998453608247423,0.098544377173773,0.065360824742268,0.0601571557387608,0.035,0.0320752286487183
"2",0.3,0.133659793814433,0.12901563305274,0.0729381443298969,0.0700051537536506,0.0970103092783505,0.0925957739220065,0.063298969072165,0.061157876653496,0.0340721649484536,0.0342724617763271
"3",0.5,0.13319587628866,0.133462182708414,0.0725257731958763,0.0731349052957093,0.0965979381443299,0.0966370313103981,0.0630412371134021,0.0624404071640253,0.0342268041237113,0.034712021646695
"4",0.7,0.132577319587629,0.135065986857848,0.0722164948453608,0.0741224760256953,0.0960824742268041,0.0982348285446079,0.0629381443298969,0.0625264591654549,0.0339175257731959,0.0352482099799371
"5",0.9,0.132680412371134,0.133829634931997,0.072319587628866,0.0729706513958482,0.0960309278350515,0.0975518969219757,0.0629896907216495,0.0623622047244094,0.034020618556701,0.0347745168217609
