"","size.train","error.glm.test","error.glm.train","error.glm.test.0","error.glm.train.0","error.glm.test.1","error.glm.train.1"
"1",0.5,0.058215638994144,0.0573396470081791,0.058215638994144,0.0573396470081791,0.058215638994144,0.0573396470081791
"2",0.7,0.058215638994144,0.0543017034622717,0.058215638994144,0.0543017034622717,0.058215638994144,0.0543017034622717
"3",0.9,0.058215638994144,0.0569665662218396,0.058215638994144,0.0569665662218396,0.058215638994144,0.0569665662218396
