"","size.train","error.glm.test","error.glm.train"
"1",0.2,0.0689690721649485,0.065608411070453
"2",0.3,0.0685567010309278,0.0690283122594832
"3",0.4,0.0685567010309278,0.0677214863680874
"4",0.5,0.0684536082474227,0.0679297406506412
"5",0.6,0.0686082474226804,0.0687030769495078
"6",0.7,0.0684020618556701,0.0690041084392349
"7",0.8,0.0683505154639175,0.0686131763068716
