"","size.train","error.glm.test","error.glm.train","error.glm.test.1","error.glm.train.1","error.glm.test.2","error.glm.train.2","error.glm.test.3","error.glm.train.3"
"1",0.1,0.0569042832843668,0.0530722658765941,0.0289675789907737,0.0239598093520546,0.0416988815009536,0.0428957877109365,0.0431421060770063,0.0392889346901971
"2",0.3,0.0528838719653626,0.0496907747809655,0.0267511983918355,0.0231489434805016,0.0392247822277202,0.0378800893317299,0.0397917633111695,0.0383525167496994
"3",0.5,0.0523168908819133,0.050251256281407,0.0262873047781042,0.0239144440149465,0.0390186072882841,0.0388867413993042,0.0393278696974383,0.0377013271485633
