"","size.train","error.glm.test","error.glm.train","error.glm.test.0","error.glm.train.0","error.glm.test.1","error.glm.train.1"
"1",0.2,0.066594505437864,0.064580971033914,0.066594505437864,0.064580971033914,0.066594505437864,0.064580971033914
"2",0.3,0.0662852430287099,0.0662795492028587,0.0662852430287099,0.0662795492028587,0.0662852430287099,0.0662795492028587
"3",0.4,0.0663367867635689,0.066745696319967,0.0663367867635689,0.066745696319967,0.0663367867635689,0.066745696319967
"4",0.5,0.0662336992938508,0.0659931965776724,0.0662336992938508,0.0659931965776724,0.0662336992938508,0.0659931965776724
"5",0.6,0.0662336992938508,0.065627845448142,0.0662336992938508,0.065627845448142,0.0662336992938508,0.065627845448142
"6",0.7,0.0662336992938508,0.0660314842357931,0.0662336992938508,0.0660314842357931,0.0662336992938508,0.0660314842357931
"7",0.8,0.0662336992938508,0.065946809607257,0.0662336992938508,0.065946809607257,0.0662336992938508,0.065946809607257
