"","size.train","error.glm.test","error.glm.train","error.glm.test.0","error.glm.train.0","error.glm.test.1","error.glm.train.1","error.glm.test.2","error.glm.train.2"
"1",0.5,0.0532299741602067,0.0563925957813173,0.034625322997416,0.0356435643564356,0.0449612403100775,0.048127421437796,0.0268733850129199,0.0290142057684029
"2",0.7,0.0523686477174849,0.0593407944902226,0.0342807924203273,0.0376337473865453,0.0446167097329888,0.0506702742590087,0.0258397932816537,0.0303775673348912
"3",0.9,0.0527131782945736,0.0583030418978382,0.034625322997416,0.0374497799885211,0.0449612403100775,0.049885211402334,0.0258397932816537,0.0292710924048211
