"","size.train","error.glm.test","error.glm.train","error.glm.test.1","error.glm.train.1","error.glm.test.2","error.glm.train.2","error.glm.test.3","error.glm.train.3","error.glm.test.4","error.glm.train.4"
"1",0.5,0.113514986376022,0.113856800348736,0.060708446866485,0.0613012205754141,0.0823433242506812,0.0828520052310375,0.051716621253406,0.0532367044463819,0.0322615803814714,0.0303236704446382
"2",0.6,0.113678474114441,0.113295795113977,0.0608719346049046,0.0616656071201526,0.0823978201634877,0.0835074016892199,0.0517711171662125,0.0518345291072564,0.0323160762942779,0.029584052311325
"3",0.7,0.113841961852861,0.113223703415394,0.0609809264305177,0.0610294833122507,0.082724795640327,0.0833900943855211,0.051716621253406,0.0526807434076092,0.0322615803814714,0.0293470857254062
"4",0.8,0.113569482288828,0.113495104299702,0.0605994550408719,0.0606555981268625,0.0824523160762943,0.0832354193273734,0.0518256130790191,0.0532822477650064,0.0322615803814714,0.0298169433801618
"5",0.9,0.113514986376022,0.113235249598886,0.0605994550408719,0.0606514697423788,0.0824523160762943,0.0829019465383102,0.051716621253406,0.0529924620833712,0.0322615803814714,0.0299246208337117
