"","size.train","error.glm.test","error.glm.train","error.glm.test.0","error.glm.train.0","error.glm.test.1","error.glm.train.1"
"1",0.1,0.0662852430287099,0.064553536915346,0.0662852430287099,0.064553536915346,0.0662852430287099,0.064553536915346
"2",0.2,0.0657182619452606,0.0666151269166345,0.0657182619452606,0.0666151269166345,0.0657182619452606,0.0666151269166345
"3",0.3,0.0656667182104015,0.0644219206321938,0.0656667182104015,0.0644219206321938,0.0656667182104015,0.0644219206321938
"4",0.4,0.0657182619452606,0.0674526478546579,0.0657182619452606,0.0674526478546579,0.0657182619452606,0.0674526478546579
"5",0.5,0.0656667182104015,0.0662302855375734,0.0656667182104015,0.0662302855375734,0.0656667182104015,0.0662302855375734
"6",0.6,0.0656151744755425,0.0654998389348223,0.0656151744755425,0.0654998389348223,0.0656151744755425,0.0654998389348223
"7",0.7,0.0656667182104015,0.065915658880483,0.0656667182104015,0.065915658880483,0.0656667182104015,0.065915658880483
"8",0.8,0.0656151744755425,0.0658430911462947,0.0656151744755425,0.0658430911462947,0.0656151744755425,0.0658430911462947
"9",0.9,0.0656667182104015,0.0654564196541061,0.0656667182104015,0.0654564196541061,0.0656667182104015,0.0654564196541061
