"","size.train","error.glm.test","error.glm.train","error.glm.test.1","error.glm.train.1","error.glm.test.2","error.glm.train.2","error.glm.test.3","error.glm.train.3","error.glm.test.4","error.glm.train.4"
"1",0.1,0.132525773195876,0.115805745201597,0.071340206185567,0.0668555970629911,0.0960309278350515,0.0872085533943063,0.0644845360824742,0.0516552879041608,0.0331958762886598,0.0258920520417364
"2",0.3,0.12520618556701,0.117419687338945,0.0684536082474227,0.0634341178491668,0.0910309278350516,0.0848221954990551,0.0603092783505155,0.0560470709500086,0.0306185567010309,0.0305359903796599
"3",0.5,0.125103092783505,0.122948073701843,0.0678865979381443,0.0668212859167633,0.0907216494845361,0.0889060688055663,0.0606701030927835,0.0586006957866254,0.0309278350515464,0.0315680968947301
