"","size.train","error.glm.test","error.glm.train","error.glm.test.1","error.glm.train.1","error.glm.test.2","error.glm.train.2","error.glm.test.3","error.glm.train.3","error.glm.test.4","error.glm.train.4"
"1",0.1,0.047668337328394,0.0468345813478557,0.0207561560252778,0.0201497617426821,0.0280017432991937,0.0277739959155888,0.0335585094791894,0.0319945541184479,0.013020265853127,0.0137508509189925
"2",0.2,0.0463608629331009,0.0435049019607843,0.0203748093266507,0.0189950980392157,0.0275659185007627,0.0262118736383442,0.0323055131837002,0.0294117647058824,0.0124754848550883,0.0123910675381264
"3",0.3,0.0460339943342776,0.0441156447147461,0.0203203312268468,0.0191984750147506,0.0272935280017433,0.0272772659193029,0.0320876007844846,0.0305450914537285,0.0123665286554805,0.0112104570417102
"4",0.4,0.0458160819350621,0.0470143664465173,0.0203748093266507,0.0213454075032342,0.0271300937023317,0.0281201062163818,0.031924166485073,0.0316946959896507,0.0122030943560689,0.012868523183768
"5",0.5,0.0459250381346699,0.046026472030067,0.0203203312268468,0.0209978757012909,0.0271845718021355,0.028133340595893,0.0320876007844846,0.0308840350781633,0.0122575724558727,0.0120376926847868
"6",0.6,0.0460884724340815,0.0458217965593936,0.0204292874264546,0.0203122872316282,0.0272390499019394,0.0276882574554038,0.0321420788842885,0.0311606372838273,0.0123665286554805,0.0124824111479279
"7",0.7,0.0459250381346699,0.045753413998366,0.0203748093266507,0.0205618021242657,0.0271845718021355,0.0268645683383263,0.0320331226846808,0.0313971131774501,0.0122575724558727,0.0126833443566899
"8",0.8,0.045870560034866,0.0461802954994213,0.0203748093266507,0.0206134676925172,0.0271300937023317,0.0276945598148022,0.0319786445848769,0.0314223462926397,0.0122575724558727,0.0126302171988834
"9",0.9,0.0459250381346699,0.0458603159232585,0.0203748093266507,0.0205017248683653,0.0271845718021355,0.0275827634206863,0.0320331226846808,0.0312443260909036,0.0122575724558727,0.0123918174665618
