"","size.train","error.glm.test","error.glm.train","error.glm.test.1","error.glm.train.1","error.glm.test.2","error.glm.train.2","error.glm.test.3","error.glm.train.3","error.glm.test.4","error.glm.train.4"
"1",0.1,0.0790721649484536,0.0649233543733093,0.0391237113402062,0.0334922066211516,0.0481443298969072,0.0399330155867577,0.0517525773195876,0.0418652582764395,0.0191237113402062,0.0145562282622697
"2",0.3,0.0729896907216495,0.0659652136568606,0.0361340206185567,0.0327678763152244,0.0447422680412371,0.038694438479708,0.0484020618556701,0.0439768091045738,0.0167010309278351,0.0164913034142152
"3",0.5,0.0725773195876289,0.0671287945163119,0.0360824742268041,0.0339895892387775,0.0444845360824742,0.0401484306550533,0.0483505154639175,0.0441168891408545,0.0162371134020619,0.0160026799979385
"4",0.7,0.0725257731958763,0.0683993520836401,0.0359278350515464,0.0340156088941246,0.0444845360824742,0.0406236194963923,0.0483505154639175,0.0457406862023266,0.0162886597938144,0.0164187895744368
"5",0.9,0.0725257731958763,0.0679026485325698,0.0358762886597938,0.0338010021474588,0.0445360824742268,0.0403722261989979,0.048298969072165,0.0452827487473157,0.016340206185567,0.0163493199713672
