"","size.train","error.glm.test","error.glm.train","error.glm.test.0","error.glm.train.0","error.glm.test.1","error.glm.train.1","error.glm.test.2","error.glm.train.2","error.glm.test.3","error.glm.train.3"
"1",0.5,0.0723711340206186,0.0716660224197913,0.0284020618556701,0.0277541553923463,0.0395360824742268,0.0377786367736117,0.0566494845360825,0.0580337585362711,0.0201546391752577,0.0197654941373534
"2",0.7,0.0724226804123711,0.0713812398763069,0.0284536082474227,0.027646885583861,0.0395876288659794,0.0382123398615815,0.0566494845360825,0.0580915918126933,0.0201546391752577,0.018811662494478
"3",0.9,0.0723711340206186,0.0723264137437366,0.0284020618556701,0.0275017895490336,0.0395360824742268,0.0395275590551181,0.0566494845360825,0.0586972083035075,0.0201546391752577,0.0189262705798139
