"","size.train","error.glm.test","error.glm.train","error.glm.test.1","error.glm.train.1","error.glm.test.2","error.glm.train.2","error.glm.test.3","error.glm.train.3"
"1",0.1,0.0521622596773362,0.0532010820559062,0.0255141487552188,0.0235733608141183,0.0392763259625792,0.0428957877109365,0.0395340446368744,0.0399330155867577
"2",0.2,0.0511313849801557,0.0486343725843855,0.0252564300809237,0.0227389847977325,0.0384000824699758,0.0375547539293996,0.0386062574094119,0.0369750064416388
"3",0.3,0.0515437348590279,0.0505926816698162,0.0253595175506417,0.0244803298402336,0.0386578011442709,0.0393403195327263,0.0390701510231431,0.0373647139666724
"4",0.4,0.0514406473893098,0.0475438879046545,0.0252564300809237,0.0229666612981156,0.0386062574094119,0.0370430020937349,0.0390186072882841,0.0350781124174585
"5",0.5,0.051698366063605,0.0485762144053601,0.0252564300809237,0.0226517201391573,0.038863976083707,0.0381394150238371,0.0392763259625792,0.0363612936477258
"6",0.6,0.0513891036544508,0.0488768629472147,0.0253079738157827,0.0231714126186488,0.0385547136745529,0.0382682643989177,0.0389155198185661,0.0363140488768629
"7",0.7,0.0514406473893098,0.0485578073517772,0.0253595175506417,0.0230272240322492,0.0385547136745529,0.0378264951129273,0.0389670635534251,0.036261895558378
"8",0.8,0.0512860161847327,0.0491085090276547,0.0252048863460646,0.0234187511073172,0.0385547136745529,0.0380756035885129,0.038812432348848,0.0367226633594794
"9",0.9,0.0513891036544508,0.0488632459053946,0.0253079738157827,0.0233936547932654,0.0385547136745529,0.038139961058298,0.0389155198185661,0.0361928759592257
