"","size.train","nrow.train","nrow.test","type.model","type.set","letter.to.test","value.to.test","deviance","error.test","error.train","nb.ok.test","nb.ko.test","nb.ok.train","nb.ko.train"
"1",0.5,13825,6912,"glm","with_location_without_risk_factor","B","0",5832.30423017943,0.064380787037037,0.0614104882459313,6467,445,12976,849
"2",0.5,13825,6912,"glm","with_location_without_risk_factor","B","1",5832.30423017943,0.064380787037037,0.0614104882459313,6467,445,12976,849
"3",0.5,13825,6912,"glm","with_location_without_risk_factor","B","ALL",NA,0.064380787037037,0.0614104882459313,6467,445,12976,849
"4",0.7,19356,6912,"glm","with_location_without_risk_factor","B","0",8184.42633398285,0.0646701388888889,0.0612213267203968,6465,447,18171,1185
"5",0.7,19356,6912,"glm","with_location_without_risk_factor","B","1",8184.42633398285,0.0646701388888889,0.0612213267203968,6465,447,18171,1185
"6",0.7,19356,6912,"glm","with_location_without_risk_factor","B","ALL",NA,0.0646701388888889,0.0612213267203968,6465,447,18171,1185
"7",0.9,24885,6912,"glm","with_location_without_risk_factor","B","0",10803.2741378644,0.0646701388888889,0.0636126180429978,6465,447,23302,1583
"8",0.9,24885,6912,"glm","with_location_without_risk_factor","B","1",10803.2741378644,0.0646701388888889,0.0636126180429978,6465,447,23302,1583
"9",0.9,24885,6912,"glm","with_location_without_risk_factor","B","ALL",NA,0.0646701388888889,0.0636126180429978,6465,447,23302,1583
