"","size.train","error.glm.test","error.glm.train","error.glm.test.1","error.glm.train.1","error.glm.test.2","error.glm.train.2","error.glm.test.3","error.glm.train.3","error.glm.test.4","error.glm.train.4"
"1",0.1,0.0469056439311397,0.0475153165418652,0.0204292874264546,0.0200136147038802,0.0275114404009588,0.0280462899931926,0.0330682065809545,0.0328114363512594,0.0128023534539115,0.0141592920353982
"2",0.2,0.0461429505338854,0.0442538126361656,0.0203748093266507,0.0193355119825708,0.0272935280017433,0.0265522875816993,0.0322510350838963,0.0298883442265795,0.0123665286554805,0.0127314814814815
"3",0.3,0.0459250381346699,0.0443425770435256,0.0203748093266507,0.0192892479462624,0.0272390499019394,0.0273680388508147,0.0320331226846808,0.0306812508509962,0.0122030943560689,0.0113466164389779
"4",0.4,0.045870560034866,0.0471505412950228,0.0203748093266507,0.0214815823517396,0.0272390499019394,0.0283243684891401,0.0319786445848769,0.0316946959896507,0.012148616256265,0.0128004357595152
"5",0.5,0.0458160819350621,0.0467890407974291,0.0203203312268468,0.0203170107304319,0.0271300937023317,0.0278609946075494,0.0319786445848769,0.0323819380140531,0.0122030943560689,0.0130181382428237
"6",0.6,0.045870560034866,0.0460941400753484,0.0203203312268468,0.0200853343016658,0.0272390499019394,0.0280740774363397,0.0320331226846808,0.0318188007807181,0.012148616256265,0.0122100676319731
"7",0.7,0.0458160819350621,0.0456561490876551,0.0203203312268468,0.020483990195697,0.0271300937023317,0.0272536279811695,0.0319786445848769,0.0310469594988912,0.0122030943560689,0.0125277204995526
"8",0.8,0.0458160819350621,0.0456866616735889,0.0203203312268468,0.0205283584122013,0.0271300937023317,0.0275754068223599,0.0319786445848769,0.0308606250425546,0.0122030943560689,0.012408933070062
"9",0.9,0.045870560034866,0.0462385765296859,0.0203203312268468,0.0205773769896508,0.0271845718021355,0.0278097197845428,0.0320331226846808,0.031304847787932,0.0122030943560689,0.0127852084972463
