"","size.train","error.glm.test","error.glm.train","error.glm.test.0","error.glm.train.0","error.glm.test.1","error.glm.train.1","error.glm.test.2","error.glm.train.2","error.glm.test.3","error.glm.train.3"
"1",0.5,0.0752887788778878,0.07089638815128,0.0285684818481848,0.0268890664879218,0.0421307755775578,0.0383356106112558,0.0600247524752475,0.0572842816262342,0.0198535478547855,0.0192838175771482
"2",0.7,0.0752887788778878,0.0710971163407358,0.0285169141914191,0.0271424888594262,0.0420792079207921,0.0383383051596509,0.0600763201320132,0.0576179427687548,0.0199051155115512,0.0190954958936397
"3",0.9,0.0751340759075908,0.0709385428452758,0.0284137788778878,0.0266109050285731,0.0419760726072607,0.0385700577190244,0.0599731848184819,0.0573896105756148,0.0199051155115512,0.0193065123673393
