"","size.train","error.glm.test","error.glm.train","error.glm.test.1","error.glm.train.1","error.glm.test.2","error.glm.train.2","error.glm.test.3","error.glm.train.3","error.glm.test.4","error.glm.train.4"
"1",0.5,0.0724742268041237,0.0677472555790342,0.0357731958762887,0.0332165129103747,0.0444845360824742,0.0396330464361181,0.048298969072165,0.0456372725867134,0.0163917525773196,0.0170076792248621
"2",0.7,0.0725773195876289,0.0688227065233397,0.035979381443299,0.0344757767633633,0.0444845360824742,0.0411574142247092,0.0483505154639175,0.0452437049035488,0.016340206185567,0.0167685171550582
"3",0.9,0.0724226804123711,0.068017179670723,0.0358247422680412,0.0338439513242663,0.0443814432989691,0.040286327845383,0.0483505154639175,0.045411596277738,0.0162886597938144,0.0164924838940587
