"","size.train","error.glm.test","error.glm.train","error.glm.test.0","error.glm.train.0","error.glm.test.1","error.glm.train.1"
"1",0.1,0.0656667182104015,0.0657047152795671,0.0656667182104015,0.0657047152795671,0.0656667182104015,0.0657047152795671
"2",0.3,0.0633472501417453,0.062620796289138,0.0633472501417453,0.062620796289138,0.0633472501417453,0.062620796289138
"3",0.5,0.0632441626720272,0.0605349963921245,0.0632441626720272,0.0605349963921245,0.0632441626720272,0.0605349963921245
