"","size.train","error.glm.test","error.glm.train","error.glm.test.0","error.glm.train.0","error.glm.test.1","error.glm.train.1"
"1",0.5,0.0358991120553467,0.0367677097802108,0.0358991120553467,0.0367677097802108,0.0358991120553467,0.0367677097802108
"2",0.6,0.0360625374516533,0.0369487755611539,0.0360625374516533,0.0369487755611539,0.0360625374516533,0.0369487755611539
"3",0.7,0.0360625374516533,0.0363979456851607,0.0360625374516533,0.0363979456851607,0.0360625374516533,0.0363979456851607
"4",0.8,0.0360625374516533,0.0366650779601008,0.0360625374516533,0.0366650779601008,0.0360625374516533,0.0366650779601008
"5",0.9,0.0359535871874489,0.0365405274545702,0.0359535871874489,0.0365405274545702,0.0359535871874489,0.0365405274545702
