"","size.train","error.glm.test","error.glm.train","error.glm.test.1","error.glm.train.1","error.glm.test.2","error.glm.train.2","error.glm.test.3","error.glm.train.3","error.glm.test.4","error.glm.train.4"
"1",0.1,0.124576954069299,0.118673647469459,0.0672575879666935,0.0643039334138811,0.0893902766586086,0.0863203114512015,0.0598979317754499,0.0570546382064707,0.0326081117378458,0.0296684118673647
"2",0.2,0.125167875369326,0.126753944276603,0.0674724684394306,0.0663309835515274,0.0897125973677142,0.0915072171869755,0.060327692720924,0.0618999664316885,0.0328229922105829,0.0337697213830144
"3",0.3,0.124684394305667,0.126230975828111,0.0672038678485093,0.0681289167412713,0.0891753961858716,0.0931960608773501,0.0600590921300027,0.0588182632050134,0.0329304324469514,0.0323187108325873
"4",0.4,0.124899274778405,0.12709816033302,0.0669889873757722,0.0684168121391164,0.0892828364222401,0.0929233248287901,0.0604351329572925,0.0607627232442594,0.0330915928015042,0.032093460453874
"5",0.5,0.124630674187483,0.126500684876319,0.0669889873757722,0.068138479305992,0.0894439967767929,0.0919882899578331,0.0602739726027397,0.0602691161066796,0.0325543916196616,0.0326054843821341
"6",0.6,0.124899274778405,0.12775290957923,0.067150147730325,0.0685541629364369,0.0892828364222401,0.0917860340196956,0.0603814128391082,0.0624216651745748,0.0329841525651356,0.0327439570277529
"7",0.7,0.124684394305667,0.126688152240638,0.0670427074939565,0.0680440454266421,0.0893365565404244,0.0916973603437692,0.0601665323663712,0.0610420503376304,0.0328229922105829,0.0325928483732351
"8",0.8,0.124576954069299,0.127020630151243,0.0669889873757722,0.0685377603948097,0.0891216760676874,0.0925419233545398,0.0602202524845555,0.0609504305641818,0.0328229922105829,0.0320111459889547
"9",0.9,0.124899274778405,0.127441471821424,0.0670427074939565,0.0685775675554693,0.0894439967767929,0.0928244229248422,0.060327692720924,0.0608633372625673,0.0329841525651356,0.0326176158999687
