"","size.train","error.glm.test","error.glm.train","error.glm.test.0","error.glm.train.0","error.glm.test.1","error.glm.train.1","error.glm.test.2","error.glm.train.2"
"1",0.5,0.0679133858267717,0.0650522057617668,0.0322615923009624,0.0296834854862516,0.0610236220472441,0.0581643251516974,0.0425415573053368,0.0422566008855847
"2",0.7,0.0681321084864392,0.0657946114798907,0.0323709536307962,0.027723545490043,0.0613517060367454,0.0595470519328387,0.0425415573053368,0.0443186255368997
"3",0.9,0.068241469816273,0.0645367024022838,0.0321522309711286,0.0277280043733107,0.0614610673665792,0.0584626598232454,0.0428696412948381,0.0428827406080117
