"","size.train","error.glm.test","error.glm.train","error.glm.test.0","error.glm.train.0","error.glm.test.1","error.glm.train.1"
"1",0.1,0.068450079892789,0.0622342481638964,0.068450079892789,0.0622342481638964,0.068450079892789,0.0622342481638964
"2",0.3,0.0654089995361064,0.0642071808967531,0.0654089995361064,0.0642071808967531,0.0654089995361064,0.0642071808967531
"3",0.5,0.0649966496572342,0.0646582826512731,0.0649966496572342,0.0646582826512731,0.0649966496572342,0.0646582826512731
