"","size.train","error.glm.test","error.glm.train","error.glm.test.0","error.glm.train.0","error.glm.test.1","error.glm.train.1","error.glm.test.2","error.glm.train.2"
"1",0.1,0.0439782016348774,0.0425010216591745,0.0177111716621253,0.0159378831221904,0.0396185286103542,0.0382781637379104,0.0306267029972752,0.0307859964582482
"2",0.2,0.0435422343324251,0.0397765971938428,0.0174386920980926,0.015597330064024,0.0390735694822888,0.0360305135540117,0.0305722070844687,0.0279253507696499
"3",0.3,0.0433787465940055,0.0414112518730418,0.0173841961852861,0.0155746265268129,0.0389100817438692,0.0372792081006221,0.0304632152588556,0.0299686691186487
"4",0.4,0.0434877384196185,0.0395041547473096,0.0174931880108992,0.0147118921127912,0.0390735694822888,0.035621849884212,0.030408719346049,0.0286745674976161
"5",0.5,0.0433787465940055,0.0409230853063782,0.0173841961852861,0.0150941339944964,0.0389645776566757,0.0367817344631229,0.030408719346049,0.0299703021551372
"6",0.6,0.043433242506812,0.040368722186904,0.0174386920980926,0.0150985378258106,0.0390190735694823,0.0366224684406503,0.030408719346049,0.0290164381073472
"7",0.7,0.043433242506812,0.0404398170672375,0.0174386920980926,0.0157244332003503,0.0390190735694823,0.0364892478349713,0.030408719346049,0.0286659530991535
"8",0.8,0.0433787465940055,0.0402547423628376,0.0173841961852861,0.0148486190103191,0.0389645776566757,0.0364574464462078,0.030408719346049,0.0292034192691482
"9",0.9,0.0433787465940055,0.0405648811055444,0.0173841961852861,0.0153026473125766,0.0389645776566757,0.0367051629406512,0.030408719346049,0.029121951957861
