"","size.train","error.glm.test","error.glm.train","error.glm.test.0","error.glm.train.0","error.glm.test.1","error.glm.train.1","error.glm.test.2","error.glm.train.2","error.glm.test.3","error.glm.train.3"
"1",0.2,0.074020618556701,0.0729746444032158,0.0272680412371134,0.0282415996701711,0.0413917525773196,0.0390641104926819,0.059639175257732,0.0601937744794888,0.0197422680412371,0.0184498041640899
"2",0.3,0.0742783505154639,0.0729452996151732,0.0276288659793814,0.0279686641011545,0.0413917525773196,0.0395134689389775,0.0595360824742268,0.0590296866410115,0.02,0.0193787795492029
"3",0.4,0.0739690721649485,0.074036850921273,0.027319587628866,0.0280376240175235,0.0412371134020619,0.0405102435253189,0.0595876288659794,0.0601726581626079,0.0197938144329897,0.0193531761370957
"4",0.5,0.0735051546391753,0.0729821667869292,0.0270103092783505,0.028368209462942,0.0410824742268041,0.0393361509122771,0.0593298969072165,0.0589011442119369,0.0195876288659794,0.0193588289867024
"5",0.6,0.0736082474226804,0.0722924683892248,0.0271649484536082,0.0283294392523364,0.0411855670103093,0.0383624244090159,0.0593298969072165,0.0581363386476086,0.0195360824742268,0.0197567344694887
"6",0.7,0.0736082474226804,0.0725529753051878,0.0270103092783505,0.0283614837503129,0.0410824742268041,0.0395382055397665,0.0593298969072165,0.0580040937136462,0.0197938144329897,0.0192021676066501
"7",0.8,0.0736082474226804,0.0733291241995129,0.0270618556701031,0.0281668363205298,0.0410824742268041,0.0399824762591967,0.0593814432989691,0.0589235784509529,0.0196907216494845,0.0195853573683465
